date,week_label,predicted_label
2019-06-26,fat_loss,fat_loss
2019-06-27,fat_loss,fat_loss
2019-06-28,fat_loss,fat_loss
2019-06-29,fat_loss,fat_loss
2019-06-30,fat_loss,maintenance
2019-07-01,fat_loss,maintenance
2019-07-02,maintenance,maintenance
2019-07-03,maintenance,maintenance
2019-07-04,maintenance,maintenance
2019-07-05,maintenance,maintenance
2019-07-06,maintenance,maintenance
2019-07-07,maintenance,maintenance
2019-07-08,maintenance,maintenance
2019-07-09,maintenance,maintenance
2019-07-10,maintenance,maintenance
2019-07-11,maintenance,maintenance
2019-07-12,maintenance,maintenance
2019-07-13,maintenance,maintenance
2019-07-14,maintenance,maintenance
2019-07-15,maintenance,maintenance
2019-07-16,maintenance,maintenance
2019-07-17,maintenance,maintenance
2019-07-18,maintenance,maintenance
2019-07-19,maintenance,maintenance
2019-07-20,maintenance,maintenance
2019-07-21,maintenance,maintenance
2019-07-22,maintenance,maintenance
2019-07-23,maintenance,maintenance
2019-07-24,maintenance,maintenance
2019-07-25,maintenance,maintenance
2019-07-26,maintenance,maintenance
2019-07-27,maintenance,maintenance
2019-07-28,maintenance,maintenance
2019-07-29,maintenance,maintenance
2019-07-30,maintenance,maintenance
2019-07-31,maintenance,maintenance
2019-08-01,maintenance,maintenance
2019-08-02,maintenance,maintenance
2019-08-03,maintenance,maintenance
2019-08-04,maintenance,maintenance
2019-08-05,maintenance,maintenance
2019-08-06,maintenance,maintenance
2019-08-07,maintenance,maintenance
2019-08-08,maintenance,maintenance
2019-08-09,maintenance,maintenance
2019-08-10,maintenance,maintenance
2019-08-11,maintenance,maintenance
2019-08-12,maintenance,maintenance
2019-08-13,maintenance,maintenance
2019-08-14,maintenance,maintenance
2019-08-15,maintenance,maintenance
2019-08-16,maintenance,maintenance
2019-08-17,maintenance,maintenance
2019-08-18,maintenance,maintenance
2019-08-19,maintenance,maintenance
2019-08-20,maintenance,maintenance
2019-08-21,maintenance,maintenance
2019-08-22,maintenance,maintenance
2019-08-23,maintenance,maintenance
2019-08-24,maintenance,maintenance
2019-08-25,maintenance,maintenance
2019-08-26,maintenance,maintenance
2019-08-27,maintenance,maintenance
2019-08-28,maintenance,maintenance
2019-08-29,maintenance,maintenance
2019-08-30,maintenance,maintenance
2019-08-31,maintenance,maintenance
2019-09-01,maintenance,maintenance
2019-09-02,maintenance,maintenance
2019-09-03,maintenance,maintenance
2019-09-04,maintenance,maintenance
2019-09-05,maintenance,maintenance
2019-09-06,maintenance,maintenance
2019-09-07,maintenance,maintenance
2019-09-08,maintenance,maintenance
2019-09-09,maintenance,maintenance
2019-09-10,maintenance,maintenance
2019-09-11,maintenance,maintenance
2019-09-12,maintenance,maintenance
2019-09-13,maintenance,maintenance
2019-09-14,maintenance,maintenance
2019-09-15,maintenance,maintenance
2019-09-16,maintenance,maintenance
2019-09-17,maintenance,maintenance
2019-09-18,maintenance,maintenance
2019-09-19,maintenance,maintenance
2019-09-20,maintenance,maintenance
2019-09-21,maintenance,maintenance
2019-09-22,maintenance,maintenance
2019-09-23,maintenance,maintenance
2019-09-24,maintenance,maintenance
2019-09-25,maintenance,maintenance
2019-09-26,maintenance,maintenance
2019-09-27,maintenance,maintenance
2019-09-28,maintenance,maintenance
2019-09-29,maintenance,maintenance
2019-09-30,maintenance,maintenance
2019-10-01,maintenance,maintenance
2019-10-02,maintenance,maintenance
2019-10-03,maintenance,maintenance
2019-10-04,maintenance,maintenance
2019-10-05,maintenance,maintenance
2019-10-06,maintenance,maintenance
2019-10-07,maintenance,maintenance
2019-10-08,maintenance,maintenance
2019-10-09,maintenance,maintenance
2019-10-10,maintenance,maintenance
2019-10-11,maintenance,maintenance
2019-10-12,maintenance,maintenance
2019-10-13,maintenance,maintenance
2019-10-14,maintenance,maintenance
2019-10-15,maintenance,maintenance
2019-10-16,maintenance,maintenance
2019-10-17,maintenance,maintenance
2019-10-18,maintenance,maintenance
2019-10-19,maintenance,maintenance
2019-10-20,maintenance,maintenance
2019-10-21,maintenance,maintenance
2019-10-22,fat_loss,maintenance
2019-10-23,fat_loss,maintenance
2019-10-24,fat_loss,maintenance
2019-10-25,maintenance,maintenance
2019-10-26,maintenance,maintenance
2019-10-27,maintenance,maintenance
2019-10-28,maintenance,maintenance
2019-10-29,maintenance,maintenance
2019-10-30,maintenance,maintenance
2019-10-31,weight_gain,maintenance
2019-11-01,maintenance,maintenance
2019-11-02,maintenance,maintenance
2019-11-03,maintenance,maintenance
2019-11-04,maintenance,maintenance
2019-11-05,maintenance,maintenance
2019-11-06,maintenance,maintenance
2019-11-07,maintenance,maintenance
2019-11-08,maintenance,maintenance
2019-11-09,maintenance,maintenance
2019-11-10,maintenance,maintenance
2019-11-11,maintenance,maintenance
2019-11-12,maintenance,maintenance
2019-11-13,maintenance,maintenance
2019-11-14,maintenance,maintenance
2019-11-15,maintenance,maintenance
2019-11-16,maintenance,maintenance
2019-11-17,maintenance,maintenance
2019-11-18,maintenance,maintenance
2019-11-19,maintenance,maintenance
2019-11-20,maintenance,maintenance
2019-11-21,maintenance,maintenance
2019-11-22,maintenance,maintenance
2019-11-23,maintenance,maintenance
2019-11-24,maintenance,maintenance
2019-11-25,maintenance,maintenance
2019-11-26,weight_gain,maintenance
2019-11-27,maintenance,maintenance
2019-11-28,maintenance,maintenance
2019-11-29,maintenance,maintenance
2019-11-30,maintenance,maintenance
2019-12-01,maintenance,maintenance
2019-12-02,maintenance,maintenance
2019-12-03,fat_loss,maintenance
2019-12-04,fat_loss,maintenance
2019-12-05,maintenance,maintenance
2019-12-06,maintenance,maintenance
2019-12-07,maintenance,maintenance
2019-12-08,maintenance,maintenance
2019-12-09,maintenance,maintenance
2019-12-10,maintenance,maintenance
2019-12-11,maintenance,maintenance
2019-12-12,maintenance,maintenance
2019-12-13,maintenance,maintenance
2019-12-14,maintenance,maintenance
2019-12-15,maintenance,maintenance
2019-12-16,maintenance,maintenance
2019-12-17,maintenance,maintenance
2019-12-18,maintenance,maintenance
2019-12-19,maintenance,maintenance
2019-12-20,maintenance,maintenance
2019-12-21,maintenance,maintenance
2019-12-22,maintenance,maintenance
2019-12-23,maintenance,maintenance
2019-12-24,maintenance,maintenance
2019-12-25,maintenance,maintenance
2019-12-26,maintenance,maintenance
2019-12-27,maintenance,maintenance
2019-12-28,maintenance,maintenance
2019-12-29,maintenance,maintenance
2019-12-30,maintenance,maintenance
2019-12-31,maintenance,maintenance
2020-01-01,maintenance,maintenance
2020-01-02,maintenance,maintenance
2020-01-03,maintenance,maintenance
2020-01-04,maintenance,maintenance
2020-01-05,maintenance,maintenance
2020-01-06,maintenance,maintenance
2020-01-07,maintenance,maintenance
2020-01-08,maintenance,maintenance
2020-01-09,maintenance,maintenance
2020-01-10,weight_gain,maintenance
2020-01-11,weight_gain,maintenance
2020-01-12,maintenance,maintenance
2020-01-13,maintenance,maintenance
2020-01-14,maintenance,maintenance
2020-01-15,maintenance,maintenance
2020-01-16,maintenance,maintenance
2020-01-17,fat_loss,fat_loss
2020-01-18,fat_loss,fat_loss
2020-01-19,fat_loss,fat_loss
2020-01-20,fat_loss,fat_loss
2020-01-21,maintenance,fat_loss
2020-01-22,maintenance,maintenance
2020-01-23,maintenance,maintenance
2020-01-24,maintenance,maintenance
2020-01-25,maintenance,maintenance
2020-01-26,maintenance,maintenance
2020-01-27,maintenance,maintenance
2020-01-28,maintenance,maintenance
2020-01-29,maintenance,maintenance
2020-01-30,maintenance,maintenance
2020-01-31,maintenance,maintenance
2020-02-01,maintenance,maintenance
2020-02-02,maintenance,maintenance
2020-02-03,maintenance,maintenance
2020-02-04,maintenance,maintenance
2020-02-05,maintenance,maintenance
2020-02-06,maintenance,maintenance
2020-02-07,maintenance,maintenance
2020-02-08,maintenance,maintenance
2020-02-09,maintenance,maintenance
2020-02-10,maintenance,maintenance
2020-02-11,maintenance,maintenance
2020-02-12,maintenance,maintenance
2020-02-13,maintenance,maintenance
2020-02-14,maintenance,maintenance
2020-02-15,maintenance,maintenance
2020-02-16,maintenance,maintenance
2020-02-17,maintenance,maintenance
2020-02-18,maintenance,maintenance
2020-02-19,maintenance,maintenance
2020-02-20,maintenance,maintenance
2020-02-21,maintenance,maintenance
2020-02-22,maintenance,maintenance
2020-02-23,maintenance,maintenance
2020-02-24,weight_gain,maintenance
2020-02-25,maintenance,maintenance
2020-02-26,maintenance,maintenance
2020-02-27,maintenance,maintenance
2020-02-28,maintenance,maintenance
2020-02-29,maintenance,maintenance
2020-03-01,fat_loss,maintenance
2020-03-02,fat_loss,maintenance
2020-03-03,fat_loss,fat_loss
2020-03-04,fat_loss,fat_loss
2020-03-05,fat_loss,maintenance
2020-03-06,fat_loss,maintenance
2020-03-07,maintenance,maintenance
2020-03-08,maintenance,maintenance
2020-03-09,maintenance,maintenance
2020-03-10,weight_gain,maintenance
2020-03-11,weight_gain,maintenance
2020-03-12,weight_gain,maintenance
2020-03-13,weight_gain,maintenance
2020-03-14,maintenance,maintenance
2020-03-15,maintenance,maintenance
2020-03-16,maintenance,maintenance
2020-03-17,maintenance,maintenance
2020-03-18,maintenance,maintenance
2020-03-19,maintenance,maintenance
2020-03-20,maintenance,maintenance
2020-03-21,maintenance,maintenance
2020-03-22,maintenance,maintenance
2020-03-23,maintenance,maintenance
2020-03-24,maintenance,maintenance
2020-03-25,maintenance,maintenance
2020-03-26,maintenance,maintenance
2020-03-27,maintenance,maintenance
2020-03-28,maintenance,maintenance
2020-03-29,maintenance,maintenance
2020-03-30,maintenance,maintenance
2020-03-31,maintenance,maintenance
2020-04-01,maintenance,maintenance
2020-04-02,maintenance,maintenance
2020-04-03,maintenance,maintenance
2020-04-04,maintenance,maintenance
2020-04-05,maintenance,maintenance
2020-04-06,maintenance,maintenance
2020-04-07,maintenance,maintenance
2020-04-08,maintenance,maintenance
2020-04-09,maintenance,maintenance
2020-04-10,maintenance,maintenance
2020-04-11,maintenance,maintenance
2020-04-12,maintenance,maintenance
2020-04-13,maintenance,maintenance
2020-04-14,maintenance,maintenance
2020-04-15,maintenance,maintenance
2020-04-16,maintenance,maintenance
2020-04-17,maintenance,maintenance
2020-04-18,maintenance,maintenance
2020-04-19,maintenance,maintenance
2020-04-20,maintenance,maintenance
2020-04-21,maintenance,maintenance
2020-04-22,maintenance,maintenance
2020-04-23,maintenance,maintenance
2020-04-24,maintenance,maintenance
2020-04-25,maintenance,maintenance
2020-04-26,maintenance,maintenance
2020-04-27,maintenance,maintenance
2020-04-28,maintenance,maintenance
2020-04-29,maintenance,maintenance
2020-04-30,maintenance,maintenance
2020-05-01,maintenance,maintenance
2020-05-02,fat_loss,maintenance
2020-05-03,maintenance,maintenance
2020-05-04,maintenance,maintenance
2020-05-05,maintenance,maintenance
2020-05-06,maintenance,maintenance
2020-05-07,maintenance,maintenance
2020-05-08,maintenance,maintenance
2020-05-09,maintenance,maintenance
2020-05-10,maintenance,maintenance
2020-05-11,maintenance,maintenance
2020-05-12,maintenance,maintenance
2020-05-13,maintenance,maintenance
2020-05-14,maintenance,maintenance
2020-05-15,maintenance,maintenance
2020-05-16,maintenance,maintenance
2020-05-17,maintenance,maintenance
2020-05-18,maintenance,maintenance
2020-05-19,maintenance,maintenance
2020-05-20,maintenance,maintenance
2020-05-21,maintenance,maintenance
2020-05-22,maintenance,maintenance
2020-05-23,maintenance,maintenance
2020-05-24,maintenance,maintenance
2020-05-25,maintenance,maintenance
2020-05-26,maintenance,maintenance
2020-05-27,maintenance,maintenance
2020-05-28,maintenance,maintenance
2020-05-29,maintenance,maintenance
2020-05-30,maintenance,maintenance
2020-05-31,maintenance,maintenance
2020-06-01,maintenance,maintenance
2020-06-02,weight_gain,maintenance
2020-06-03,maintenance,maintenance
2020-06-04,maintenance,maintenance
2020-06-05,maintenance,maintenance
2020-06-06,maintenance,maintenance
2020-06-07,maintenance,maintenance
2020-06-08,maintenance,maintenance
2020-06-09,maintenance,maintenance
2020-06-10,maintenance,maintenance
2020-06-11,maintenance,maintenance
2020-06-12,maintenance,maintenance
2020-06-13,maintenance,maintenance
2020-06-14,maintenance,maintenance
2020-06-15,maintenance,maintenance
2020-06-16,maintenance,maintenance
2020-06-17,maintenance,maintenance
2020-06-18,maintenance,maintenance
2020-06-19,maintenance,maintenance
2020-06-20,maintenance,maintenance
2020-06-21,maintenance,maintenance
2020-06-22,weight_gain,maintenance
2020-06-23,weight_gain,maintenance
2020-06-24,weight_gain,maintenance
2020-06-25,maintenance,maintenance
2020-06-26,maintenance,maintenance
2020-06-27,maintenance,maintenance
2020-06-28,fat_loss,fat_loss
2020-06-29,fat_loss,fat_loss
2020-06-30,fat_loss,fat_loss
2020-07-01,fat_loss,fat_loss
2020-07-02,fat_loss,maintenance
2020-07-03,fat_loss,fat_loss
2020-07-04,maintenance,maintenance
2020-07-05,maintenance,maintenance
2020-07-05,maintenance,maintenance
2020-07-05,maintenance,maintenance
2020-07-06,weight_gain,maintenance
2020-07-07,weight_gain,maintenance
2020-07-08,maintenance,maintenance
2020-07-09,maintenance,maintenance
2020-07-10,maintenance,maintenance
2020-07-11,maintenance,maintenance
2020-07-12,maintenance,maintenance
2020-07-13,maintenance,maintenance
2020-07-14,maintenance,maintenance
2020-07-15,maintenance,maintenance
2020-07-16,maintenance,maintenance
2020-07-17,maintenance,maintenance
2020-07-18,maintenance,maintenance
2020-07-19,maintenance,maintenance
2020-07-20,maintenance,maintenance
2020-07-21,maintenance,maintenance
2020-07-22,maintenance,maintenance
2020-07-23,maintenance,maintenance
2020-07-24,maintenance,maintenance
2020-07-25,maintenance,maintenance
2020-07-26,maintenance,maintenance
2020-07-27,maintenance,maintenance
2020-07-28,maintenance,maintenance
2020-07-29,maintenance,maintenance
2020-07-30,maintenance,maintenance
2020-07-31,maintenance,maintenance
2020-08-01,maintenance,maintenance
2020-08-02,maintenance,maintenance
2020-08-03,maintenance,maintenance
2020-08-04,maintenance,maintenance
2020-08-05,weight_gain,maintenance
2020-08-06,weight_gain,maintenance
2020-08-07,weight_gain,maintenance
2020-08-08,weight_gain,maintenance
2020-08-09,maintenance,maintenance
2020-08-10,maintenance,maintenance
2020-08-11,maintenance,maintenance
2020-08-12,maintenance,maintenance
2020-08-13,fat_loss,fat_loss
2020-08-14,fat_loss,fat_loss
2020-08-15,fat_loss,fat_loss
2020-08-16,fat_loss,fat_loss
2020-08-17,fat_loss,fat_loss
2020-08-18,fat_loss,maintenance
2020-08-19,maintenance,maintenance
2020-08-20,maintenance,maintenance
2020-08-21,maintenance,maintenance
2020-08-22,weight_gain,maintenance
2020-08-23,maintenance,maintenance
2020-08-24,maintenance,maintenance
2020-08-25,maintenance,maintenance
2020-08-26,maintenance,maintenance
2020-08-27,fat_loss,maintenance
2020-08-28,maintenance,maintenance
2020-08-29,maintenance,maintenance
2020-08-30,fat_loss,maintenance
2020-08-31,maintenance,maintenance
2020-09-01,maintenance,maintenance
2020-09-02,maintenance,maintenance
2020-09-03,maintenance,maintenance
2020-09-04,maintenance,maintenance
2020-09-05,maintenance,maintenance
2020-09-06,maintenance,maintenance
2020-09-07,maintenance,maintenance
2020-09-08,maintenance,maintenance
2020-09-09,maintenance,maintenance
2020-09-10,maintenance,maintenance
2020-09-11,maintenance,maintenance
2020-09-12,maintenance,maintenance
2020-09-13,maintenance,maintenance
2020-09-14,maintenance,maintenance
2020-09-15,maintenance,maintenance
2020-09-16,maintenance,maintenance
2020-09-17,maintenance,maintenance
2020-09-18,maintenance,maintenance
2020-09-19,maintenance,maintenance
2020-09-20,maintenance,maintenance
2020-09-21,maintenance,maintenance
2020-09-22,maintenance,maintenance
2020-09-23,maintenance,maintenance
2020-09-24,maintenance,maintenance
2020-09-25,maintenance,maintenance
2020-09-26,maintenance,maintenance
2020-09-27,maintenance,maintenance
2020-09-28,maintenance,maintenance
2020-09-29,maintenance,maintenance
2020-09-30,maintenance,maintenance
2020-10-01,weight_gain,maintenance
2020-10-02,weight_gain,maintenance
2020-10-03,maintenance,maintenance
2020-10-04,maintenance,maintenance
2020-10-05,maintenance,maintenance
2020-10-06,maintenance,maintenance
2020-10-07,fat_loss,fat_loss
2020-10-08,fat_loss,fat_loss
2020-10-09,fat_loss,fat_loss
2020-10-10,fat_loss,fat_loss
2020-10-11,fat_loss,fat_loss
2020-10-12,maintenance,maintenance
2020-10-13,maintenance,fat_loss
2020-10-14,maintenance,fat_loss
2020-10-15,weight_gain,fat_loss
2020-10-16,weight_gain,fat_loss
2020-10-17,weight_gain,fat_loss
2020-10-18,maintenance,maintenance
2020-10-19,maintenance,maintenance
2020-10-20,maintenance,maintenance
2020-10-21,fat_loss,maintenance
2020-10-22,maintenance,maintenance
2020-10-23,fat_loss,maintenance
2020-10-24,fat_loss,maintenance
2020-10-25,maintenance,maintenance
2020-10-26,maintenance,maintenance
2020-10-27,maintenance,maintenance
2020-10-28,maintenance,maintenance
2020-10-29,maintenance,maintenance
2020-10-30,maintenance,maintenance
2020-10-31,maintenance,maintenance
2020-11-01,maintenance,maintenance
2020-11-02,maintenance,maintenance
2020-11-03,maintenance,maintenance
2020-11-04,maintenance,maintenance
2020-11-05,maintenance,maintenance
2020-11-06,maintenance,maintenance
2020-11-07,maintenance,maintenance
2020-11-08,maintenance,maintenance
2020-11-09,maintenance,maintenance
2020-11-10,maintenance,maintenance
2020-11-11,maintenance,maintenance
2020-11-12,maintenance,maintenance
2020-11-13,maintenance,maintenance
2020-11-14,maintenance,maintenance
2020-11-15,maintenance,maintenance
2020-11-16,maintenance,maintenance
2020-11-17,fat_loss,maintenance
2020-11-18,maintenance,maintenance
2020-11-19,fat_loss,maintenance
2020-11-20,maintenance,maintenance
2020-11-21,maintenance,maintenance
2020-11-22,fat_loss,maintenance
2020-11-23,maintenance,maintenance
2020-11-24,maintenance,maintenance
2020-11-25,maintenance,maintenance
2020-11-26,maintenance,maintenance
2020-11-27,maintenance,maintenance
2020-11-28,maintenance,maintenance
2020-11-29,maintenance,maintenance
2020-11-30,maintenance,maintenance
2020-12-01,maintenance,maintenance
2020-12-02,maintenance,maintenance
2020-12-03,maintenance,maintenance
2020-12-04,maintenance,maintenance
2020-12-05,weight_gain,maintenance
2020-12-06,maintenance,maintenance
2020-12-07,maintenance,maintenance
2020-12-08,maintenance,maintenance
2020-12-09,maintenance,maintenance
2020-12-10,maintenance,maintenance
2020-12-11,maintenance,maintenance
2020-12-12,maintenance,maintenance
2020-12-13,maintenance,maintenance
2020-12-14,maintenance,maintenance
2020-12-15,maintenance,maintenance
2020-12-16,maintenance,maintenance
2020-12-17,maintenance,maintenance
2020-12-18,maintenance,maintenance
2020-12-19,maintenance,maintenance
2020-12-20,maintenance,maintenance
2020-12-21,maintenance,maintenance
2020-12-22,maintenance,maintenance
2020-12-23,maintenance,maintenance
2020-12-24,maintenance,maintenance
2020-12-25,maintenance,maintenance
2020-12-26,maintenance,maintenance
2020-12-27,maintenance,maintenance
2020-12-28,maintenance,maintenance
2020-12-29,fat_loss,maintenance
2020-12-30,fat_loss,fat_loss
2020-12-31,fat_loss,fat_loss
2021-01-01,fat_loss,fat_loss
2021-01-02,fat_loss,maintenance
2021-01-03,maintenance,maintenance
2021-01-04,maintenance,maintenance
2021-01-05,maintenance,maintenance
2021-01-06,weight_gain,maintenance
2021-01-07,weight_gain,maintenance
2021-01-08,maintenance,maintenance
2021-01-09,maintenance,maintenance
2021-01-10,maintenance,maintenance
2021-01-11,maintenance,maintenance
2021-01-12,maintenance,maintenance
2021-01-13,maintenance,maintenance
2021-01-14,maintenance,maintenance
2021-01-15,maintenance,maintenance
2021-01-16,maintenance,maintenance
2021-01-17,maintenance,maintenance
2021-01-18,maintenance,maintenance
2021-01-19,maintenance,fat_loss
2021-01-20,maintenance,maintenance
2021-01-21,fat_loss,fat_loss
2021-01-22,fat_loss,fat_loss
2021-01-23,maintenance,fat_loss
2021-01-24,maintenance,fat_loss
2021-01-25,maintenance,fat_loss
2021-01-26,maintenance,maintenance
2021-01-27,maintenance,maintenance
2021-01-28,maintenance,maintenance
2021-01-29,maintenance,maintenance
2021-01-30,maintenance,maintenance
2021-01-31,maintenance,maintenance
2021-02-01,maintenance,maintenance
2021-02-02,maintenance,maintenance
2021-02-03,maintenance,maintenance
2021-02-04,maintenance,maintenance
2021-02-05,maintenance,maintenance
2021-02-06,maintenance,maintenance
2021-02-07,maintenance,maintenance
2021-02-08,maintenance,maintenance
2021-02-09,maintenance,maintenance
2021-02-10,maintenance,maintenance
2021-02-11,fat_loss,fat_loss
2021-02-12,fat_loss,fat_loss
2021-02-13,fat_loss,fat_loss
2021-02-14,maintenance,fat_loss
2021-02-15,maintenance,fat_loss
2021-02-16,maintenance,maintenance
2021-02-17,maintenance,maintenance
2021-02-18,maintenance,fat_loss
2021-02-19,maintenance,fat_loss
2021-02-20,maintenance,fat_loss
2021-02-21,maintenance,fat_loss
2021-02-22,maintenance,fat_loss
2021-02-23,maintenance,fat_loss
2021-02-24,maintenance,fat_loss
2021-02-25,maintenance,fat_loss
2021-02-26,maintenance,fat_loss
2021-02-27,fat_loss,fat_loss
2021-02-28,fat_loss,fat_loss
2021-03-01,fat_loss,fat_loss
2021-03-02,fat_loss,fat_loss
2021-03-03,fat_loss,fat_loss
2021-03-04,fat_loss,fat_loss
2021-03-05,fat_loss,fat_loss
2021-03-06,fat_loss,fat_loss
2021-03-07,fat_loss,fat_loss
2021-03-08,fat_loss,fat_loss
2021-03-09,fat_loss,fat_loss
2021-03-10,fat_loss,fat_loss
2021-03-11,fat_loss,fat_loss
2021-03-12,fat_loss,fat_loss
2021-03-13,fat_loss,fat_loss
2021-03-14,fat_loss,fat_loss
2021-03-15,fat_loss,fat_loss
2021-03-16,fat_loss,fat_loss
2021-03-17,fat_loss,fat_loss
2021-03-18,fat_loss,fat_loss
2021-03-19,fat_loss,fat_loss
2021-03-20,fat_loss,fat_loss
2021-03-21,fat_loss,fat_loss
2021-03-22,fat_loss,fat_loss
2021-03-23,fat_loss,fat_loss
2021-03-24,fat_loss,fat_loss
2021-03-25,fat_loss,fat_loss
2021-03-26,fat_loss,fat_loss
2021-03-27,fat_loss,fat_loss
2021-03-28,fat_loss,fat_loss
2021-03-29,fat_loss,fat_loss
2021-03-30,fat_loss,fat_loss
2021-03-31,fat_loss,fat_loss
2021-04-01,fat_loss,fat_loss
2021-04-02,fat_loss,fat_loss
2021-04-03,fat_loss,fat_loss
2021-04-04,fat_loss,fat_loss
2021-04-05,fat_loss,fat_loss
2021-04-06,fat_loss,fat_loss
2021-04-07,fat_loss,fat_loss
2021-04-08,fat_loss,fat_loss
2021-04-09,fat_loss,fat_loss
2021-04-10,fat_loss,fat_loss
2021-04-11,fat_loss,fat_loss
2021-04-12,fat_loss,fat_loss
2021-04-13,fat_loss,fat_loss
2021-04-14,fat_loss,fat_loss
2021-04-15,fat_loss,fat_loss
2021-04-16,fat_loss,fat_loss
2021-04-17,fat_loss,fat_loss
2021-04-18,fat_loss,fat_loss
2021-04-19,fat_loss,fat_loss
2021-04-20,fat_loss,fat_loss
2021-04-21,fat_loss,fat_loss
2021-04-22,fat_loss,fat_loss
2021-04-23,fat_loss,fat_loss
2021-04-24,fat_loss,fat_loss
2021-04-25,fat_loss,fat_loss
2021-04-26,fat_loss,fat_loss
2021-04-27,fat_loss,fat_loss
2021-04-28,fat_loss,fat_loss
2021-04-29,fat_loss,fat_loss
2021-04-30,fat_loss,fat_loss
2021-05-01,fat_loss,fat_loss
2021-05-02,fat_loss,fat_loss
2021-05-03,fat_loss,fat_loss
2021-05-04,fat_loss,fat_loss
2021-05-05,fat_loss,fat_loss
2021-05-06,fat_loss,fat_loss
2021-05-07,fat_loss,fat_loss
2021-05-08,fat_loss,fat_loss
2021-05-09,fat_loss,fat_loss
2021-05-10,fat_loss,fat_loss
2021-05-11,fat_loss,fat_loss
2021-05-12,fat_loss,fat_loss
2021-05-13,fat_loss,fat_loss
2021-05-14,fat_loss,fat_loss
2021-05-15,fat_loss,fat_loss
2021-05-16,fat_loss,fat_loss
2021-05-17,fat_loss,fat_loss
2021-05-18,fat_loss,fat_loss
2021-05-19,fat_loss,fat_loss
2021-05-20,fat_loss,fat_loss
2021-05-21,fat_loss,fat_loss
2021-05-22,fat_loss,fat_loss
2021-05-23,fat_loss,fat_loss
2021-05-24,fat_loss,fat_loss
2021-05-25,fat_loss,fat_loss
2021-05-26,fat_loss,fat_loss
2021-05-27,fat_loss,fat_loss
2021-05-28,fat_loss,fat_loss
2021-05-29,fat_loss,fat_loss
2021-05-30,fat_loss,fat_loss
2021-05-31,fat_loss,fat_loss
2021-06-01,fat_loss,fat_loss
2021-06-02,fat_loss,fat_loss
2021-06-03,fat_loss,fat_loss
2021-06-04,fat_loss,fat_loss
2021-06-05,fat_loss,fat_loss
2021-06-06,fat_loss,fat_loss
2021-06-07,fat_loss,fat_loss
2021-06-08,fat_loss,fat_loss
2021-06-09,fat_loss,fat_loss
2021-06-10,fat_loss,fat_loss
2021-06-11,fat_loss,fat_loss
2021-06-12,fat_loss,fat_loss
2021-06-13,fat_loss,fat_loss
2021-06-14,fat_loss,fat_loss
2021-06-15,fat_loss,fat_loss
2021-06-16,fat_loss,fat_loss
2021-06-17,fat_loss,fat_loss
2021-06-18,fat_loss,fat_loss
2021-06-19,fat_loss,fat_loss
2021-06-20,fat_loss,fat_loss
2021-06-21,fat_loss,fat_loss
2021-06-22,fat_loss,fat_loss
2021-06-23,fat_loss,fat_loss
2021-06-24,fat_loss,fat_loss
2021-06-25,fat_loss,fat_loss
2021-06-26,fat_loss,fat_loss
2021-06-27,fat_loss,fat_loss
2021-06-28,fat_loss,fat_loss
2021-06-29,fat_loss,fat_loss
2021-06-30,fat_loss,fat_loss
2021-07-01,fat_loss,fat_loss
2021-07-02,maintenance,fat_loss
2021-07-03,maintenance,fat_loss
2021-07-04,maintenance,fat_loss
2021-07-05,maintenance,maintenance
2021-07-06,weight_gain,weight_gain
2021-07-07,weight_gain,weight_gain
2021-07-08,weight_gain,weight_gain
2021-07-09,weight_gain,weight_gain
2021-07-10,weight_gain,weight_gain
2021-07-11,weight_gain,weight_gain
2021-07-12,weight_gain,weight_gain
2021-07-13,weight_gain,weight_gain
2021-07-14,weight_gain,weight_gain
2021-07-15,maintenance,weight_gain
2021-07-16,weight_gain,weight_gain
2021-07-17,weight_gain,weight_gain
2021-07-18,maintenance,maintenance
2021-07-19,maintenance,maintenance
2021-07-20,maintenance,maintenance
2021-07-21,maintenance,maintenance
2021-07-22,maintenance,maintenance
2021-07-23,maintenance,maintenance
2021-07-24,maintenance,maintenance
2021-07-25,maintenance,maintenance
2021-07-26,maintenance,maintenance
2021-07-27,maintenance,maintenance
2021-07-28,maintenance,maintenance
2021-07-29,maintenance,maintenance
2021-07-30,maintenance,maintenance
2021-07-31,maintenance,weight_gain
2021-08-01,maintenance,weight_gain
2021-08-02,maintenance,weight_gain
2021-08-03,weight_gain,weight_gain
2021-08-04,weight_gain,weight_gain
2021-08-05,weight_gain,weight_gain
2021-08-06,weight_gain,weight_gain
2021-08-07,weight_gain,weight_gain
2021-08-08,maintenance,maintenance
2021-08-09,maintenance,maintenance
2021-08-10,maintenance,maintenance
2021-08-11,maintenance,maintenance
2021-08-12,maintenance,maintenance
2021-08-13,maintenance,maintenance
2021-08-14,maintenance,maintenance
2021-08-15,maintenance,weight_gain
2021-08-16,maintenance,weight_gain
2021-08-17,maintenance,weight_gain
2021-08-18,weight_gain,weight_gain
2021-08-19,weight_gain,weight_gain
2021-08-20,weight_gain,weight_gain
2021-08-21,maintenance,weight_gain
2021-08-22,maintenance,weight_gain
2021-08-23,maintenance,maintenance
2021-08-24,maintenance,maintenance
2021-08-25,maintenance,maintenance
2021-08-26,maintenance,maintenance
2021-08-27,maintenance,maintenance
2021-08-28,maintenance,weight_gain
2021-08-29,maintenance,weight_gain
2021-08-30,maintenance,weight_gain
2021-08-31,maintenance,weight_gain
2021-09-01,weight_gain,weight_gain
2021-09-02,maintenance,maintenance
2021-09-03,maintenance,maintenance
2021-09-04,weight_gain,weight_gain
2021-09-05,weight_gain,weight_gain
2021-09-06,maintenance,maintenance
2021-09-07,maintenance,weight_gain
2021-09-08,maintenance,weight_gain
2021-09-09,weight_gain,weight_gain
2021-09-10,weight_gain,weight_gain
2021-09-11,weight_gain,weight_gain
2021-09-12,weight_gain,weight_gain
2021-09-13,weight_gain,weight_gain
2021-09-14,weight_gain,weight_gain
2021-09-15,maintenance,weight_gain
2021-09-16,maintenance,maintenance
2021-09-17,maintenance,weight_gain
2021-09-18,maintenance,weight_gain
2021-09-19,fat_loss,weight_gain
2021-09-20,fat_loss,weight_gain
2021-09-21,fat_loss,weight_gain
2021-09-22,fat_loss,maintenance
2021-09-23,maintenance,maintenance
2021-09-24,maintenance,maintenance
2021-09-25,maintenance,maintenance
2021-09-26,weight_gain,weight_gain
2021-09-27,weight_gain,weight_gain
2021-09-28,weight_gain,weight_gain
2021-09-29,weight_gain,weight_gain
2021-09-30,weight_gain,weight_gain
2021-10-01,maintenance,weight_gain
2021-10-02,maintenance,weight_gain
2021-10-03,maintenance,weight_gain
2021-10-04,maintenance,weight_gain
2021-10-05,maintenance,maintenance
2021-10-06,maintenance,maintenance
2021-10-07,maintenance,maintenance
2021-10-08,maintenance,maintenance
2021-10-09,maintenance,maintenance
2021-10-10,maintenance,maintenance
2021-10-11,maintenance,maintenance
2021-10-12,maintenance,maintenance
2021-10-13,maintenance,maintenance
2021-10-14,maintenance,maintenance
2021-10-15,maintenance,maintenance
2021-10-16,maintenance,maintenance
2021-10-17,maintenance,maintenance
2021-10-18,maintenance,maintenance
2021-10-19,maintenance,maintenance
2021-10-20,maintenance,maintenance
2021-10-21,maintenance,maintenance
2021-10-22,maintenance,maintenance
2021-10-23,maintenance,maintenance
2021-10-24,maintenance,maintenance
2021-10-25,weight_gain,weight_gain
2021-10-26,weight_gain,maintenance
2021-10-27,maintenance,maintenance
2021-10-28,maintenance,maintenance
2021-10-29,maintenance,maintenance
2021-10-30,maintenance,maintenance
2021-10-31,maintenance,maintenance
2021-11-01,maintenance,maintenance
2021-11-02,maintenance,maintenance
2021-11-03,maintenance,weight_gain
2021-11-04,maintenance,weight_gain
2021-11-05,maintenance,weight_gain
2021-11-06,weight_gain,weight_gain
2021-11-07,weight_gain,weight_gain
2021-11-08,weight_gain,weight_gain
2021-11-09,weight_gain,weight_gain
2021-11-10,weight_gain,weight_gain
2021-11-11,weight_gain,weight_gain
2021-11-12,weight_gain,maintenance
2021-11-13,maintenance,maintenance
2021-11-14,maintenance,maintenance
2021-11-15,maintenance,maintenance
2021-11-16,maintenance,maintenance
2021-11-17,maintenance,maintenance
2021-11-18,maintenance,maintenance
2021-11-19,maintenance,maintenance
2021-11-20,weight_gain,weight_gain
2021-11-21,weight_gain,weight_gain
2021-11-22,maintenance,maintenance
2021-11-23,maintenance,maintenance
2021-11-24,maintenance,maintenance
2021-11-25,maintenance,maintenance
2021-11-26,maintenance,maintenance
2021-11-27,maintenance,weight_gain
2021-11-28,maintenance,maintenance
2021-11-29,maintenance,maintenance
2021-11-30,maintenance,maintenance
2021-12-01,maintenance,maintenance
2021-12-02,maintenance,maintenance
2021-12-03,maintenance,maintenance
2021-12-04,maintenance,maintenance
2021-12-05,weight_gain,maintenance
2021-12-06,maintenance,maintenance
2021-12-07,maintenance,maintenance
2021-12-08,maintenance,maintenance
2021-12-09,weight_gain,maintenance
2021-12-10,weight_gain,maintenance
2021-12-11,weight_gain,weight_gain
2021-12-12,maintenance,maintenance
2021-12-13,maintenance,maintenance
2021-12-14,maintenance,maintenance
2021-12-15,maintenance,maintenance
2021-12-16,maintenance,maintenance
2021-12-17,maintenance,maintenance
2021-12-18,maintenance,maintenance
2021-12-19,maintenance,maintenance
2021-12-20,maintenance,maintenance
2021-12-21,maintenance,maintenance
2021-12-22,maintenance,maintenance
2021-12-23,maintenance,maintenance
2021-12-24,maintenance,maintenance
2021-12-25,maintenance,maintenance
2021-12-26,maintenance,maintenance
2021-12-27,maintenance,maintenance
2021-12-28,maintenance,maintenance
2021-12-29,maintenance,maintenance
2021-12-30,maintenance,maintenance
2021-12-31,maintenance,maintenance
2022-01-01,maintenance,maintenance
2022-01-02,maintenance,maintenance
2022-01-03,maintenance,maintenance
2022-01-04,maintenance,maintenance
2022-01-05,maintenance,maintenance
2022-01-06,maintenance,maintenance
2022-01-07,maintenance,maintenance
2022-01-08,maintenance,weight_gain
2022-01-09,weight_gain,weight_gain
2022-01-10,weight_gain,weight_gain
2022-01-11,maintenance,maintenance
2022-01-12,maintenance,maintenance
2022-01-13,maintenance,maintenance
2022-01-14,maintenance,maintenance
2022-01-15,maintenance,maintenance
2022-01-16,maintenance,maintenance
2022-01-17,maintenance,maintenance
2022-01-18,maintenance,maintenance
2022-01-19,maintenance,maintenance
2022-01-20,maintenance,maintenance
2022-01-21,maintenance,maintenance
2022-01-22,weight_gain,weight_gain
2022-01-23,weight_gain,weight_gain
2022-01-24,weight_gain,weight_gain
2022-01-25,weight_gain,weight_gain
2022-01-26,weight_gain,weight_gain
2022-01-27,maintenance,maintenance
2022-01-28,maintenance,fat_loss
2022-01-29,maintenance,fat_loss
2022-01-30,maintenance,maintenance
2022-01-31,maintenance,fat_loss
2022-02-01,maintenance,maintenance
2022-02-02,maintenance,fat_loss
2022-02-03,maintenance,maintenance
2022-02-04,maintenance,maintenance
2022-02-05,maintenance,maintenance
2022-02-06,maintenance,maintenance
2022-02-07,maintenance,maintenance
2022-02-08,maintenance,maintenance
2022-02-09,fat_loss,maintenance
2022-02-10,maintenance,maintenance
2022-02-11,maintenance,maintenance
2022-02-12,maintenance,maintenance
2022-02-13,maintenance,maintenance
2022-02-14,maintenance,maintenance
2022-02-15,maintenance,maintenance
2022-02-16,maintenance,maintenance
2022-02-17,maintenance,maintenance
2022-02-18,weight_gain,fat_loss
2022-02-19,weight_gain,maintenance
2022-02-20,weight_gain,fat_loss
2022-02-21,weight_gain,fat_loss
2022-02-22,maintenance,fat_loss
2022-02-23,maintenance,fat_loss
2022-02-24,maintenance,fat_loss
2022-02-25,maintenance,fat_loss
2022-02-26,maintenance,fat_loss
2022-02-27,maintenance,fat_loss
2022-02-28,maintenance,fat_loss
2022-03-01,fat_loss,fat_loss
2022-03-02,fat_loss,fat_loss
2022-03-03,fat_loss,fat_loss
2022-03-04,maintenance,fat_loss
2022-03-05,fat_loss,fat_loss
2022-03-06,maintenance,fat_loss
2022-03-07,maintenance,fat_loss
2022-03-08,maintenance,maintenance
2022-03-09,maintenance,maintenance
2022-03-10,maintenance,maintenance
2022-03-11,maintenance,maintenance
2022-03-12,maintenance,maintenance
2022-03-13,fat_loss,fat_loss
2022-03-14,fat_loss,fat_loss
2022-03-15,fat_loss,fat_loss
2022-03-16,maintenance,maintenance
2022-03-17,maintenance,maintenance
2022-03-18,maintenance,maintenance
2022-03-19,maintenance,maintenance
2022-03-20,maintenance,maintenance
2022-03-21,maintenance,maintenance
2022-03-22,maintenance,maintenance
2022-03-23,fat_loss,fat_loss
2022-03-24,fat_loss,fat_loss
2022-03-25,fat_loss,fat_loss
2022-03-26,fat_loss,fat_loss
2022-03-27,fat_loss,fat_loss
2022-03-28,fat_loss,fat_loss
2022-03-29,fat_loss,fat_loss
2022-03-30,maintenance,maintenance
2022-03-31,maintenance,maintenance
2022-04-01,maintenance,maintenance
2022-04-02,maintenance,maintenance
2022-04-03,maintenance,maintenance
2022-04-04,weight_gain,weight_gain
2022-04-05,maintenance,weight_gain
2022-04-06,maintenance,weight_gain
2022-04-07,maintenance,weight_gain
2022-04-08,maintenance,weight_gain
2022-04-09,maintenance,weight_gain
2022-04-10,maintenance,weight_gain
2022-04-11,maintenance,weight_gain
2022-04-12,maintenance,weight_gain
2022-04-13,weight_gain,weight_gain
2022-04-14,weight_gain,weight_gain
2022-04-15,weight_gain,weight_gain
2022-04-16,weight_gain,weight_gain
2022-04-17,weight_gain,weight_gain
2022-04-18,weight_gain,weight_gain
2022-04-19,weight_gain,weight_gain
2022-04-20,weight_gain,weight_gain
2022-04-21,weight_gain,weight_gain
2022-04-22,weight_gain,weight_gain
2022-04-23,weight_gain,weight_gain
2022-04-24,weight_gain,weight_gain
2022-04-25,weight_gain,weight_gain
2022-04-26,weight_gain,weight_gain
2022-04-27,maintenance,weight_gain
2022-04-28,maintenance,weight_gain
2022-04-29,weight_gain,weight_gain
2022-04-30,maintenance,weight_gain
2022-05-01,maintenance,weight_gain
2022-05-02,weight_gain,weight_gain
2022-05-03,maintenance,weight_gain
2022-05-04,maintenance,weight_gain
2022-05-05,weight_gain,weight_gain
2022-05-06,maintenance,weight_gain
2022-05-07,weight_gain,weight_gain
2022-05-08,weight_gain,weight_gain
2022-05-09,maintenance,weight_gain
2022-05-10,maintenance,weight_gain
2022-05-11,maintenance,weight_gain
2022-05-12,maintenance,weight_gain
2022-05-13,maintenance,weight_gain
2022-05-14,maintenance,weight_gain
2022-05-15,maintenance,weight_gain
2022-05-16,weight_gain,weight_gain
2022-05-17,weight_gain,weight_gain
2022-05-18,weight_gain,weight_gain
2022-05-19,weight_gain,weight_gain
2022-05-20,weight_gain,weight_gain
2022-05-21,weight_gain,weight_gain
2022-05-22,weight_gain,weight_gain
2022-05-23,maintenance,weight_gain
2022-05-24,maintenance,weight_gain
2022-05-25,weight_gain,weight_gain
2022-05-26,weight_gain,weight_gain
2022-05-27,weight_gain,weight_gain
2022-05-28,weight_gain,weight_gain
2022-05-29,weight_gain,weight_gain
2022-05-30,weight_gain,weight_gain
2022-05-31,weight_gain,weight_gain
2022-06-01,weight_gain,weight_gain
2022-06-02,weight_gain,weight_gain
2022-06-03,weight_gain,weight_gain
2022-06-04,weight_gain,weight_gain
2022-06-05,maintenance,weight_gain
2022-06-06,weight_gain,weight_gain
2022-06-07,maintenance,weight_gain
2022-06-08,maintenance,weight_gain
2022-06-09,maintenance,weight_gain
2022-06-10,maintenance,weight_gain
2022-06-11,maintenance,weight_gain
2022-06-12,maintenance,weight_gain
2022-06-13,maintenance,weight_gain
2022-06-14,maintenance,weight_gain
2022-06-15,maintenance,weight_gain
2022-06-16,maintenance,weight_gain
2022-06-17,maintenance,weight_gain
2022-06-18,weight_gain,weight_gain
2022-06-19,weight_gain,weight_gain
2022-06-20,weight_gain,weight_gain
2022-06-21,weight_gain,weight_gain
2022-06-22,weight_gain,weight_gain
2022-06-23,weight_gain,weight_gain
2022-06-24,weight_gain,weight_gain
2022-06-25,maintenance,weight_gain
2022-06-26,weight_gain,weight_gain
2022-06-27,weight_gain,weight_gain
2022-06-28,weight_gain,weight_gain
2022-06-29,weight_gain,weight_gain
2022-06-30,weight_gain,weight_gain
2022-07-01,weight_gain,weight_gain
2022-07-02,weight_gain,weight_gain
2022-07-03,weight_gain,weight_gain
2022-07-04,weight_gain,weight_gain
2022-07-05,weight_gain,weight_gain
2022-07-06,weight_gain,weight_gain
2022-07-07,weight_gain,weight_gain
2022-07-08,maintenance,weight_gain
2022-07-09,maintenance,weight_gain
2022-07-10,maintenance,weight_gain
2022-07-11,maintenance,weight_gain
2022-07-12,maintenance,weight_gain
2022-07-13,maintenance,weight_gain
2022-07-14,maintenance,weight_gain
2022-07-15,maintenance,weight_gain
2022-07-16,weight_gain,weight_gain
2022-07-17,weight_gain,weight_gain
2022-07-18,weight_gain,weight_gain
2022-07-19,weight_gain,weight_gain
2022-07-20,weight_gain,weight_gain
2022-07-21,weight_gain,weight_gain
2022-07-22,weight_gain,weight_gain
2022-07-23,weight_gain,weight_gain
2022-07-24,weight_gain,weight_gain
2022-07-25,weight_gain,weight_gain
2022-07-26,maintenance,weight_gain
2022-07-27,maintenance,weight_gain
2022-07-28,maintenance,weight_gain
2022-07-29,maintenance,weight_gain
2022-07-30,maintenance,weight_gain
2022-07-31,maintenance,weight_gain
2022-08-01,maintenance,weight_gain
2022-08-02,maintenance,weight_gain
2022-08-03,maintenance,weight_gain
2022-08-04,maintenance,weight_gain
2022-08-05,maintenance,weight_gain
2022-08-06,maintenance,weight_gain
2022-08-07,maintenance,weight_gain
2022-08-08,maintenance,weight_gain
2022-08-09,maintenance,weight_gain
2022-08-10,weight_gain,weight_gain
2022-08-11,weight_gain,weight_gain
2022-08-12,weight_gain,weight_gain
2022-08-13,weight_gain,weight_gain
2022-08-14,weight_gain,weight_gain
2022-08-15,weight_gain,weight_gain
2022-08-16,weight_gain,weight_gain
2022-08-17,maintenance,weight_gain
2022-08-18,maintenance,weight_gain
2022-08-19,maintenance,weight_gain
2022-08-20,weight_gain,weight_gain
2022-08-21,weight_gain,weight_gain
2022-08-22,weight_gain,weight_gain
2022-08-23,weight_gain,weight_gain
2022-08-24,weight_gain,weight_gain
2022-08-25,weight_gain,weight_gain
2022-08-26,weight_gain,weight_gain
2022-08-27,weight_gain,weight_gain
2022-08-28,weight_gain,weight_gain
2022-08-29,maintenance,weight_gain
2022-08-30,maintenance,weight_gain
2022-08-31,maintenance,weight_gain
2022-09-01,maintenance,weight_gain
2022-09-02,maintenance,weight_gain
2022-09-03,maintenance,weight_gain
2022-09-04,maintenance,weight_gain
2022-09-05,weight_gain,weight_gain
2022-09-06,weight_gain,weight_gain
2022-09-07,weight_gain,weight_gain
2022-09-08,weight_gain,weight_gain
2022-09-09,weight_gain,weight_gain
2022-09-10,weight_gain,weight_gain
2022-09-11,maintenance,weight_gain
2022-09-12,maintenance,weight_gain
2022-09-13,weight_gain,weight_gain
2022-09-14,maintenance,weight_gain
2022-09-15,maintenance,weight_gain
2022-09-16,maintenance,weight_gain
2022-09-17,maintenance,weight_gain
2022-09-18,weight_gain,weight_gain
2022-09-19,weight_gain,weight_gain
2022-09-20,weight_gain,weight_gain
2022-09-21,weight_gain,weight_gain
2022-09-22,weight_gain,weight_gain
2022-09-23,weight_gain,weight_gain
2022-09-24,weight_gain,weight_gain
2022-09-25,weight_gain,weight_gain
2022-09-26,weight_gain,weight_gain
2022-09-27,weight_gain,weight_gain
2022-09-28,maintenance,weight_gain
2022-09-29,maintenance,weight_gain
2022-09-30,maintenance,weight_gain
2022-10-01,maintenance,weight_gain
2022-10-02,maintenance,weight_gain
2022-10-03,maintenance,weight_gain
2022-10-04,maintenance,weight_gain
2022-10-05,maintenance,weight_gain
2022-10-06,maintenance,weight_gain
2022-10-07,weight_gain,weight_gain
2022-10-08,weight_gain,weight_gain
2022-10-09,weight_gain,weight_gain
2022-10-10,weight_gain,weight_gain
2022-10-11,weight_gain,weight_gain
2022-10-12,weight_gain,weight_gain
2022-10-13,weight_gain,weight_gain
2022-10-14,weight_gain,weight_gain
2022-10-15,weight_gain,weight_gain
2022-10-16,weight_gain,weight_gain
2022-10-17,weight_gain,weight_gain
2022-10-18,maintenance,weight_gain
2022-10-19,weight_gain,weight_gain
2022-10-20,weight_gain,weight_gain
2022-10-21,weight_gain,weight_gain
2022-10-22,weight_gain,weight_gain
2022-10-23,weight_gain,weight_gain
2022-10-24,weight_gain,weight_gain
2022-10-25,weight_gain,weight_gain
2022-10-26,weight_gain,weight_gain
2022-10-27,weight_gain,weight_gain
2022-10-28,weight_gain,weight_gain
2022-10-29,weight_gain,weight_gain
2022-10-30,weight_gain,weight_gain
2022-10-31,weight_gain,weight_gain
2022-11-01,weight_gain,weight_gain
2022-11-02,weight_gain,weight_gain
2022-11-03,maintenance,weight_gain
2022-11-04,maintenance,weight_gain
2022-11-05,maintenance,weight_gain
2022-11-06,maintenance,weight_gain
2022-11-07,maintenance,weight_gain
2022-11-08,maintenance,weight_gain
2022-11-09,maintenance,weight_gain
2022-11-10,maintenance,weight_gain
2022-11-11,maintenance,weight_gain
2022-11-12,maintenance,weight_gain
2022-11-13,weight_gain,weight_gain
2022-11-14,weight_gain,weight_gain
2022-11-15,weight_gain,weight_gain
2022-11-16,weight_gain,weight_gain
2022-11-17,weight_gain,weight_gain
2022-11-18,weight_gain,weight_gain
2022-11-19,weight_gain,weight_gain
2022-11-20,weight_gain,weight_gain
2022-11-21,weight_gain,weight_gain
2022-11-22,weight_gain,weight_gain
2022-11-23,weight_gain,weight_gain
2022-11-24,maintenance,weight_gain
2022-11-25,maintenance,weight_gain
2022-11-26,maintenance,weight_gain
2022-11-27,maintenance,weight_gain
2022-11-28,maintenance,weight_gain
2022-11-29,maintenance,weight_gain
2022-11-30,maintenance,weight_gain
2022-12-01,maintenance,weight_gain
2022-12-02,weight_gain,weight_gain
2022-12-03,weight_gain,weight_gain
2022-12-04,weight_gain,weight_gain
2022-12-05,weight_gain,weight_gain
2022-12-06,weight_gain,weight_gain
2022-12-07,weight_gain,weight_gain
2022-12-08,weight_gain,weight_gain
2022-12-09,weight_gain,weight_gain
2022-12-10,weight_gain,weight_gain
2022-12-11,weight_gain,weight_gain
2022-12-12,weight_gain,weight_gain
2022-12-13,weight_gain,weight_gain
2022-12-14,maintenance,weight_gain
2022-12-15,maintenance,weight_gain
2022-12-16,maintenance,weight_gain
2022-12-17,maintenance,weight_gain
2022-12-18,maintenance,weight_gain
2022-12-19,maintenance,weight_gain
2022-12-20,maintenance,weight_gain
2022-12-21,maintenance,weight_gain
2022-12-22,maintenance,weight_gain
2022-12-23,maintenance,weight_gain
2022-12-24,weight_gain,weight_gain
2022-12-25,weight_gain,weight_gain
2022-12-26,weight_gain,weight_gain
2022-12-27,weight_gain,weight_gain
2022-12-28,weight_gain,weight_gain
2022-12-29,weight_gain,weight_gain
2022-12-30,weight_gain,weight_gain
2022-12-31,weight_gain,weight_gain
2023-01-01,weight_gain,weight_gain
2023-01-02,weight_gain,weight_gain
2023-01-03,maintenance,weight_gain
2023-01-04,maintenance,weight_gain
2023-01-05,maintenance,weight_gain
2023-01-06,maintenance,weight_gain
2023-01-07,maintenance,weight_gain
2023-01-08,maintenance,weight_gain
2023-01-09,weight_gain,weight_gain
2023-01-10,weight_gain,weight_gain
2023-01-11,weight_gain,weight_gain
2023-01-12,weight_gain,weight_gain
2023-01-13,weight_gain,weight_gain
2023-01-14,weight_gain,weight_gain
2023-01-15,weight_gain,weight_gain
2023-01-16,weight_gain,weight_gain
2023-01-17,maintenance,weight_gain
2023-01-18,maintenance,weight_gain
2023-01-19,maintenance,weight_gain
2023-01-20,maintenance,weight_gain
2023-01-21,maintenance,weight_gain
2023-01-22,maintenance,weight_gain
2023-01-23,weight_gain,weight_gain
2023-01-24,weight_gain,weight_gain
2023-01-25,weight_gain,weight_gain
2023-01-26,weight_gain,weight_gain
2023-01-27,weight_gain,weight_gain
2023-01-28,weight_gain,weight_gain
2023-01-29,maintenance,weight_gain
2023-01-30,maintenance,weight_gain
2023-01-31,maintenance,weight_gain
2023-02-01,weight_gain,weight_gain
2023-02-02,weight_gain,weight_gain
2023-02-03,weight_gain,weight_gain
2023-02-04,weight_gain,weight_gain
2023-02-05,weight_gain,weight_gain
2023-02-06,weight_gain,weight_gain
2023-02-07,weight_gain,weight_gain
2023-02-08,weight_gain,weight_gain
2023-02-09,maintenance,weight_gain
2023-02-10,maintenance,weight_gain
2023-02-11,maintenance,weight_gain
2023-02-12,maintenance,weight_gain
2023-02-13,weight_gain,weight_gain
2023-02-14,weight_gain,weight_gain
2023-02-15,weight_gain,weight_gain
2023-02-16,weight_gain,weight_gain
2023-02-17,weight_gain,weight_gain
2023-02-18,maintenance,weight_gain
2023-02-19,maintenance,weight_gain
2023-02-20,maintenance,weight_gain
2023-02-21,maintenance,weight_gain
2023-02-22,maintenance,weight_gain
2023-02-23,maintenance,weight_gain
2023-02-24,maintenance,weight_gain
2023-02-25,maintenance,weight_gain
2023-02-26,weight_gain,weight_gain
2023-02-27,weight_gain,weight_gain
2023-02-28,weight_gain,weight_gain
2023-03-01,maintenance,weight_gain
2023-03-02,weight_gain,weight_gain
2023-03-03,weight_gain,weight_gain
2023-03-04,weight_gain,weight_gain
2023-03-05,weight_gain,weight_gain
2023-03-06,weight_gain,weight_gain
2023-03-07,weight_gain,weight_gain
2023-03-08,weight_gain,weight_gain
2023-03-09,weight_gain,weight_gain
2023-03-10,maintenance,weight_gain
2023-03-11,maintenance,weight_gain
2023-03-12,weight_gain,weight_gain
2023-03-13,maintenance,weight_gain
2023-03-14,maintenance,weight_gain
2023-03-15,maintenance,weight_gain
2023-03-16,maintenance,weight_gain
2023-03-17,weight_gain,weight_gain
2023-03-18,weight_gain,weight_gain
2023-03-19,maintenance,weight_gain
2023-03-20,weight_gain,weight_gain
2023-03-21,weight_gain,weight_gain
2023-03-22,weight_gain,weight_gain
2023-03-23,weight_gain,weight_gain
2023-03-24,weight_gain,weight_gain
2023-03-25,weight_gain,weight_gain
2023-03-26,weight_gain,weight_gain
2023-03-27,weight_gain,weight_gain
2023-03-28,weight_gain,weight_gain
2023-03-29,weight_gain,weight_gain
2023-03-30,weight_gain,weight_gain
2023-03-31,weight_gain,weight_gain
2023-04-01,weight_gain,weight_gain
2023-04-02,maintenance,weight_gain
2023-04-03,maintenance,weight_gain
2023-04-04,maintenance,weight_gain
2023-04-05,maintenance,weight_gain
2023-04-06,maintenance,weight_gain
2023-04-07,maintenance,weight_gain
2023-04-08,maintenance,weight_gain
2023-04-09,maintenance,weight_gain
2023-04-10,maintenance,maintenance
2023-04-11,maintenance,maintenance
2023-04-12,maintenance,maintenance
2023-04-13,weight_gain,maintenance
2023-04-14,weight_gain,fat_loss
2023-04-15,weight_gain,fat_loss
2023-04-16,weight_gain,fat_loss
2023-04-17,weight_gain,fat_loss
2023-04-18,weight_gain,fat_loss
2023-04-19,maintenance,maintenance
2023-04-20,maintenance,maintenance
2023-04-21,maintenance,maintenance
2023-04-22,maintenance,fat_loss
2023-04-23,maintenance,maintenance
2023-04-24,maintenance,maintenance
2023-04-25,maintenance,fat_loss
2023-04-26,weight_gain,maintenance
2023-04-27,maintenance,maintenance
2023-04-28,weight_gain,maintenance
2023-04-29,maintenance,maintenance
2023-04-30,maintenance,maintenance
2023-05-01,maintenance,maintenance
2023-05-02,maintenance,maintenance
2023-05-03,maintenance,maintenance
2023-05-04,maintenance,maintenance
2023-05-05,fat_loss,fat_loss
2023-05-06,fat_loss,fat_loss
2023-05-07,fat_loss,fat_loss
2023-05-08,fat_loss,fat_loss
2023-05-09,fat_loss,fat_loss
2023-05-10,fat_loss,fat_loss
2023-05-11,maintenance,fat_loss
2023-05-12,maintenance,fat_loss
2023-05-13,maintenance,fat_loss
2023-05-14,weight_gain,fat_loss
2023-05-15,weight_gain,fat_loss
2023-05-16,weight_gain,maintenance
2023-05-17,weight_gain,fat_loss
2023-05-18,weight_gain,fat_loss
2023-05-19,maintenance,fat_loss
2023-05-20,maintenance,fat_loss
2023-05-21,maintenance,fat_loss
2023-05-22,maintenance,fat_loss
2023-05-23,maintenance,fat_loss
2023-05-24,maintenance,maintenance
2023-05-25,maintenance,maintenance
2023-05-26,maintenance,maintenance
2023-05-27,maintenance,fat_loss
2023-05-28,maintenance,maintenance
2023-05-29,maintenance,maintenance
2023-05-30,maintenance,maintenance
2023-05-31,maintenance,maintenance
2023-06-01,maintenance,maintenance
2023-06-02,weight_gain,maintenance
2023-06-03,weight_gain,maintenance
2023-06-04,maintenance,maintenance
2023-06-05,maintenance,maintenance
2023-06-06,maintenance,maintenance
2023-06-07,maintenance,maintenance
2023-06-08,maintenance,maintenance
2023-06-09,fat_loss,maintenance
2023-06-10,fat_loss,fat_loss
2023-06-11,maintenance,maintenance
2023-06-12,maintenance,maintenance
2023-06-13,maintenance,maintenance
2023-06-14,fat_loss,maintenance
2023-06-15,maintenance,maintenance
2023-06-16,maintenance,maintenance
2023-06-17,maintenance,maintenance
2023-06-18,maintenance,maintenance
2023-06-19,maintenance,maintenance
2023-06-20,maintenance,maintenance
2023-06-21,maintenance,maintenance
2023-06-22,maintenance,maintenance
2023-06-23,maintenance,maintenance
2023-06-24,maintenance,maintenance
2023-06-25,maintenance,maintenance
2023-06-26,maintenance,maintenance
2023-06-27,maintenance,maintenance
2023-06-28,maintenance,maintenance
2023-06-29,maintenance,maintenance
2023-06-30,maintenance,maintenance
2023-07-01,maintenance,maintenance
2023-07-02,maintenance,maintenance
2023-07-03,maintenance,maintenance
2023-07-04,maintenance,maintenance
2023-07-05,maintenance,maintenance
2023-07-06,maintenance,maintenance
2023-07-07,maintenance,maintenance
2023-07-08,maintenance,maintenance
2023-07-09,maintenance,maintenance
2023-07-10,maintenance,maintenance
2023-07-11,fat_loss,maintenance
2023-07-12,maintenance,maintenance
2023-07-13,maintenance,maintenance
2023-07-14,weight_gain,weight_gain
2023-07-15,weight_gain,weight_gain
2023-07-16,weight_gain,weight_gain
2023-07-17,weight_gain,weight_gain
2023-07-18,weight_gain,weight_gain
2023-07-19,weight_gain,weight_gain
2023-07-20,weight_gain,weight_gain
2023-07-21,maintenance,weight_gain
2023-07-22,maintenance,maintenance
2023-07-23,fat_loss,maintenance
2023-07-24,fat_loss,maintenance
2023-07-25,fat_loss,maintenance
2023-07-26,fat_loss,maintenance
2023-07-27,fat_loss,maintenance
2023-07-28,maintenance,maintenance
2023-07-29,maintenance,maintenance
2023-07-30,maintenance,fat_loss
2023-07-31,maintenance,fat_loss
2023-08-01,maintenance,fat_loss
2023-08-02,maintenance,fat_loss
2023-08-03,maintenance,fat_loss
2023-08-04,maintenance,fat_loss
2023-08-05,maintenance,maintenance
2023-08-06,maintenance,maintenance
2023-08-07,maintenance,maintenance
2023-08-08,maintenance,fat_loss
2023-08-09,maintenance,maintenance
2023-08-10,maintenance,maintenance
2023-08-11,maintenance,maintenance
2023-08-12,maintenance,fat_loss
2023-08-13,maintenance,fat_loss
2023-08-14,maintenance,fat_loss
2023-08-15,maintenance,fat_loss
2023-08-16,maintenance,fat_loss
2023-08-17,maintenance,fat_loss
2023-08-18,maintenance,fat_loss
2023-08-19,maintenance,fat_loss
2023-08-20,maintenance,fat_loss
2023-08-21,fat_loss,fat_loss
2023-08-22,fat_loss,fat_loss
2023-08-23,fat_loss,fat_loss
2023-08-24,fat_loss,fat_loss
2023-08-25,fat_loss,fat_loss
2023-08-26,fat_loss,fat_loss
2023-08-27,fat_loss,fat_loss
2023-08-28,fat_loss,fat_loss
2023-08-29,maintenance,fat_loss
2023-08-30,maintenance,fat_loss
2023-08-31,maintenance,fat_loss
2023-09-01,maintenance,maintenance
2023-09-02,maintenance,maintenance
2023-09-03,weight_gain,maintenance
2023-09-04,weight_gain,maintenance
2023-09-05,weight_gain,maintenance
2023-09-06,maintenance,maintenance
2023-09-07,maintenance,maintenance
2023-09-08,weight_gain,maintenance
2023-09-09,maintenance,maintenance
2023-09-10,maintenance,maintenance
2023-09-11,maintenance,maintenance
2023-09-12,maintenance,maintenance
2023-09-13,maintenance,maintenance
2023-09-14,maintenance,maintenance
2023-09-15,maintenance,maintenance
2023-09-16,maintenance,maintenance
2023-09-17,maintenance,maintenance
2023-09-18,maintenance,maintenance
2023-09-19,maintenance,maintenance
2023-09-20,maintenance,maintenance
2023-09-21,maintenance,maintenance
2023-09-22,maintenance,maintenance
2023-09-23,maintenance,maintenance
2023-09-24,maintenance,maintenance
2023-09-25,maintenance,fat_loss
2023-09-26,maintenance,fat_loss
2023-09-27,maintenance,maintenance
2023-09-28,maintenance,maintenance
2023-09-29,maintenance,maintenance
2023-09-30,maintenance,maintenance
2023-10-01,maintenance,maintenance
2023-10-02,maintenance,maintenance
2023-10-03,maintenance,maintenance
2023-10-04,maintenance,maintenance
2023-10-05,maintenance,maintenance
2023-10-06,maintenance,maintenance
2023-10-07,maintenance,maintenance
2023-10-08,maintenance,maintenance
2023-10-09,maintenance,maintenance
2023-10-10,maintenance,maintenance
2023-10-11,maintenance,maintenance
2023-10-12,maintenance,maintenance
2023-10-13,weight_gain,maintenance
2023-10-14,maintenance,maintenance
2023-10-15,maintenance,maintenance
2023-10-16,maintenance,maintenance
2023-10-17,maintenance,maintenance
2023-10-18,maintenance,maintenance
2023-10-19,fat_loss,maintenance
2023-10-20,fat_loss,maintenance
2023-10-21,fat_loss,maintenance
2023-10-22,fat_loss,maintenance
2023-10-23,fat_loss,maintenance
2023-10-24,maintenance,maintenance
2023-10-25,maintenance,maintenance
2023-10-26,weight_gain,maintenance
2023-10-27,maintenance,maintenance
2023-10-28,weight_gain,maintenance
2023-10-29,weight_gain,maintenance
2023-10-30,weight_gain,maintenance
2023-10-31,maintenance,maintenance
2023-11-01,maintenance,maintenance
2023-11-02,maintenance,maintenance
2023-11-03,maintenance,maintenance
2023-11-04,maintenance,maintenance
2023-11-05,maintenance,maintenance
2023-11-06,maintenance,maintenance
2023-11-07,maintenance,maintenance
2023-11-08,maintenance,maintenance
2023-11-09,maintenance,maintenance
2023-11-10,maintenance,maintenance
2023-11-11,maintenance,maintenance
2023-11-12,maintenance,maintenance
2023-11-13,maintenance,maintenance
2023-11-14,maintenance,maintenance
2023-11-15,maintenance,maintenance
2023-11-16,maintenance,maintenance
2023-11-17,maintenance,maintenance
2023-11-18,maintenance,maintenance
2023-11-19,maintenance,maintenance
2023-11-20,maintenance,maintenance
2023-11-21,maintenance,maintenance
2023-11-22,maintenance,maintenance
2023-11-23,maintenance,maintenance
2023-11-24,maintenance,maintenance
2023-11-25,maintenance,maintenance
2023-11-26,weight_gain,maintenance
2023-11-27,maintenance,maintenance
2023-11-28,maintenance,maintenance
2023-11-29,maintenance,maintenance
2023-11-30,maintenance,maintenance
2023-12-01,maintenance,maintenance
2023-12-02,maintenance,maintenance
2023-12-03,fat_loss,maintenance
2023-12-04,maintenance,maintenance
2023-12-05,maintenance,maintenance
2023-12-06,maintenance,maintenance
2023-12-07,maintenance,maintenance
2023-12-08,maintenance,maintenance
2023-12-09,weight_gain,maintenance
2023-12-10,maintenance,maintenance
2023-12-11,maintenance,maintenance
2023-12-12,maintenance,maintenance
2023-12-13,maintenance,maintenance
2023-12-14,fat_loss,maintenance
2023-12-15,maintenance,fat_loss
2023-12-16,fat_loss,fat_loss
2023-12-17,maintenance,fat_loss
2023-12-18,maintenance,fat_loss
2023-12-19,maintenance,fat_loss
2023-12-20,fat_loss,fat_loss
2023-12-21,fat_loss,fat_loss
2023-12-22,fat_loss,fat_loss
2023-12-23,fat_loss,fat_loss
2023-12-24,fat_loss,fat_loss
2023-12-25,fat_loss,fat_loss
2023-12-26,fat_loss,fat_loss
2023-12-27,fat_loss,fat_loss
2023-12-28,fat_loss,fat_loss
2023-12-29,fat_loss,fat_loss
2023-12-30,fat_loss,fat_loss
2023-12-31,fat_loss,fat_loss
2024-01-01,fat_loss,fat_loss
2024-01-02,fat_loss,fat_loss
2024-01-03,fat_loss,fat_loss
2024-01-04,fat_loss,fat_loss
2024-01-05,fat_loss,fat_loss
2024-01-06,fat_loss,fat_loss
2024-01-07,fat_loss,fat_loss
2024-01-08,fat_loss,fat_loss
2024-01-09,fat_loss,fat_loss
2024-01-10,fat_loss,fat_loss
2024-01-11,fat_loss,fat_loss
2024-01-12,fat_loss,fat_loss
2024-01-13,fat_loss,fat_loss
2024-01-14,fat_loss,fat_loss
2024-01-15,maintenance,fat_loss
2024-01-16,fat_loss,fat_loss
2024-01-17,fat_loss,fat_loss
2024-01-18,fat_loss,fat_loss
2024-01-19,fat_loss,fat_loss
2024-01-20,fat_loss,fat_loss
2024-01-21,fat_loss,fat_loss
2024-01-22,fat_loss,fat_loss
2024-01-23,fat_loss,fat_loss
2024-01-24,fat_loss,fat_loss
2024-01-25,fat_loss,fat_loss
2024-01-26,maintenance,fat_loss
2024-01-27,maintenance,fat_loss
2024-01-28,maintenance,maintenance
2024-01-29,maintenance,maintenance
2024-01-30,maintenance,maintenance
2024-01-31,maintenance,fat_loss
2024-02-01,maintenance,fat_loss
2024-02-02,maintenance,fat_loss
2024-02-03,maintenance,fat_loss
2024-02-04,maintenance,fat_loss
2024-02-05,maintenance,fat_loss
2024-02-06,maintenance,fat_loss
2024-02-07,maintenance,fat_loss
2024-02-08,maintenance,fat_loss
2024-02-09,maintenance,fat_loss
2024-02-10,maintenance,fat_loss
2024-02-11,maintenance,fat_loss
2024-02-12,maintenance,fat_loss
2024-02-13,maintenance,maintenance
2024-02-14,maintenance,fat_loss
2024-02-15,maintenance,fat_loss
2024-02-16,maintenance,fat_loss
2024-02-17,maintenance,fat_loss
2024-02-18,fat_loss,fat_loss
2024-02-19,fat_loss,fat_loss
2024-02-20,fat_loss,fat_loss
2024-02-21,fat_loss,fat_loss
2024-02-22,maintenance,fat_loss
2024-02-23,maintenance,fat_loss
2024-02-24,maintenance,fat_loss
2024-02-25,maintenance,fat_loss
2024-02-26,maintenance,fat_loss
2024-02-27,maintenance,fat_loss
2024-02-28,maintenance,fat_loss
2024-02-29,maintenance,fat_loss
2024-03-01,maintenance,maintenance
2024-03-02,maintenance,maintenance
2024-03-03,maintenance,maintenance
2024-03-04,maintenance,maintenance
2024-03-05,maintenance,maintenance
2024-03-06,maintenance,maintenance
2024-03-07,maintenance,maintenance
2024-03-08,maintenance,fat_loss
2024-03-09,maintenance,fat_loss
2024-03-10,maintenance,fat_loss
2024-03-11,fat_loss,fat_loss
2024-03-12,fat_loss,fat_loss
2024-03-13,fat_loss,fat_loss
2024-03-14,maintenance,fat_loss
2024-03-15,maintenance,fat_loss
2024-03-16,fat_loss,fat_loss
2024-03-17,maintenance,fat_loss
2024-03-18,maintenance,fat_loss
2024-03-19,weight_gain,fat_loss
2024-03-20,maintenance,fat_loss
2024-03-21,maintenance,fat_loss
2024-03-22,maintenance,maintenance
2024-03-23,maintenance,fat_loss
2024-03-24,maintenance,fat_loss
2024-03-25,maintenance,fat_loss
2024-03-26,maintenance,fat_loss
2024-03-27,maintenance,fat_loss
2024-03-28,maintenance,fat_loss
2024-03-29,maintenance,fat_loss
2024-03-30,maintenance,maintenance
2024-03-31,fat_loss,fat_loss
2024-04-01,maintenance,maintenance
2024-04-02,maintenance,maintenance
2024-04-03,maintenance,maintenance
2024-04-04,weight_gain,maintenance
2024-04-05,weight_gain,maintenance
2024-04-06,maintenance,maintenance
2024-04-07,maintenance,maintenance
2024-04-08,maintenance,maintenance
2024-04-09,maintenance,maintenance
2024-04-10,maintenance,maintenance
2024-04-11,fat_loss,maintenance
2024-04-12,fat_loss,fat_loss
2024-04-13,fat_loss,fat_loss
2024-04-14,fat_loss,maintenance
2024-04-15,maintenance,maintenance
2024-04-16,maintenance,maintenance
2024-04-17,maintenance,maintenance
2024-04-18,maintenance,maintenance
2024-04-19,maintenance,maintenance
2024-04-20,maintenance,maintenance
2024-04-21,maintenance,maintenance
2024-04-22,fat_loss,fat_loss
2024-04-23,fat_loss,fat_loss
2024-04-24,fat_loss,fat_loss
2024-04-25,fat_loss,fat_loss
2024-04-26,fat_loss,fat_loss
2024-04-27,fat_loss,fat_loss
2024-04-28,fat_loss,fat_loss
2024-04-29,maintenance,maintenance
2024-04-30,maintenance,maintenance
2024-05-01,maintenance,maintenance
2024-05-02,maintenance,maintenance
2024-05-03,maintenance,maintenance
2024-05-04,maintenance,maintenance
2024-05-05,maintenance,maintenance
2024-05-06,maintenance,maintenance
2024-05-07,weight_gain,maintenance
2024-05-08,weight_gain,maintenance
2024-05-09,weight_gain,maintenance
2024-05-10,maintenance,maintenance
2024-05-11,maintenance,maintenance
2024-05-12,maintenance,maintenance
2024-05-13,maintenance,maintenance
2024-05-14,maintenance,maintenance
2024-05-15,maintenance,maintenance
2024-05-16,maintenance,maintenance
2024-05-17,maintenance,maintenance
2024-05-18,maintenance,maintenance
2024-05-19,maintenance,maintenance
2024-05-20,maintenance,maintenance
2024-05-21,maintenance,maintenance
2024-05-22,maintenance,maintenance
2024-05-23,maintenance,maintenance
2024-05-24,maintenance,maintenance
2024-05-25,maintenance,maintenance
2024-05-26,weight_gain,maintenance
2024-05-27,weight_gain,weight_gain
2024-05-28,weight_gain,maintenance
2024-05-29,weight_gain,weight_gain
2024-05-30,weight_gain,weight_gain
2024-05-31,maintenance,maintenance
2024-06-01,maintenance,maintenance
2024-06-02,maintenance,maintenance
2024-06-03,fat_loss,maintenance
2024-06-04,maintenance,maintenance
2024-06-05,maintenance,maintenance
2024-06-06,maintenance,maintenance
2024-06-07,maintenance,maintenance
2024-06-08,maintenance,maintenance
2024-06-09,maintenance,maintenance
2024-06-10,weight_gain,maintenance
2024-06-11,weight_gain,weight_gain
2024-06-12,weight_gain,maintenance
2024-06-13,maintenance,maintenance
2024-06-14,maintenance,maintenance
2024-06-15,maintenance,maintenance
2024-06-16,weight_gain,maintenance
2024-06-17,maintenance,maintenance
2024-06-18,maintenance,maintenance
2024-06-19,maintenance,maintenance
2024-06-20,maintenance,maintenance
2024-06-21,maintenance,maintenance
2024-06-22,maintenance,maintenance
2024-06-23,maintenance,maintenance
2024-06-24,maintenance,maintenance
2024-06-25,maintenance,maintenance
2024-06-26,maintenance,maintenance
2024-06-27,maintenance,maintenance
2024-06-28,maintenance,maintenance
2024-06-29,maintenance,maintenance
2024-06-30,maintenance,maintenance
2024-07-01,maintenance,maintenance
2024-07-02,maintenance,maintenance
2024-07-03,maintenance,maintenance
2024-07-04,maintenance,maintenance
2024-07-05,weight_gain,maintenance
2024-07-06,weight_gain,maintenance
2024-07-07,weight_gain,maintenance
2024-07-08,maintenance,maintenance
2024-07-09,maintenance,maintenance
2024-07-10,weight_gain,maintenance
2024-07-11,maintenance,maintenance
2024-07-12,maintenance,maintenance
2024-07-13,maintenance,maintenance
2024-07-14,maintenance,maintenance
2024-07-15,maintenance,maintenance
2024-07-16,maintenance,maintenance
2024-07-17,maintenance,maintenance
2024-07-18,maintenance,maintenance
2024-07-19,maintenance,maintenance
2024-07-20,maintenance,maintenance
2024-07-21,maintenance,maintenance
2024-07-22,maintenance,maintenance
2024-07-23,maintenance,maintenance
2024-07-24,maintenance,maintenance
2024-07-25,maintenance,maintenance
2024-07-26,maintenance,maintenance
2024-07-27,maintenance,maintenance
2024-07-28,maintenance,maintenance
2024-07-29,maintenance,maintenance
2024-07-30,maintenance,maintenance
2024-07-31,maintenance,maintenance
2024-08-01,maintenance,maintenance
2024-08-02,maintenance,maintenance
2024-08-03,maintenance,maintenance
2024-08-04,maintenance,maintenance
2024-08-05,maintenance,maintenance
2024-08-06,maintenance,maintenance
2024-08-07,maintenance,maintenance
2024-08-08,maintenance,maintenance
2024-08-09,maintenance,maintenance
2024-08-10,maintenance,maintenance
2024-08-11,maintenance,maintenance
2024-08-12,maintenance,maintenance
2024-08-13,maintenance,maintenance
2024-08-14,maintenance,maintenance
2024-08-15,maintenance,maintenance
2024-08-16,maintenance,maintenance
2024-08-17,maintenance,maintenance
2024-08-18,maintenance,maintenance
2024-08-19,maintenance,maintenance
2024-08-20,maintenance,maintenance
2024-08-21,maintenance,maintenance
2024-08-22,maintenance,maintenance
2024-08-23,maintenance,maintenance
2024-08-24,maintenance,maintenance
2024-08-25,weight_gain,weight_gain
2024-08-26,maintenance,maintenance
2024-08-27,maintenance,maintenance
2024-08-28,maintenance,maintenance
2024-08-29,maintenance,maintenance
2024-08-30,maintenance,maintenance
2024-08-31,maintenance,maintenance
2024-09-01,maintenance,maintenance
2024-09-02,maintenance,weight_gain
2024-09-03,maintenance,maintenance
2024-09-04,maintenance,maintenance
2024-09-05,weight_gain,maintenance
2024-09-06,weight_gain,weight_gain
2024-09-07,weight_gain,maintenance
2024-09-08,maintenance,maintenance
2024-09-09,maintenance,maintenance
2024-09-10,maintenance,maintenance
2024-09-11,fat_loss,fat_loss
2024-09-12,fat_loss,maintenance
2024-09-13,fat_loss,fat_loss
2024-09-14,fat_loss,fat_loss
2024-09-15,maintenance,fat_loss
2024-09-16,maintenance,fat_loss
2024-09-17,maintenance,fat_loss
2024-09-18,maintenance,fat_loss
2024-09-19,maintenance,maintenance
2024-09-20,weight_gain,maintenance
2024-09-21,weight_gain,weight_gain
2024-09-22,maintenance,maintenance
2024-09-23,weight_gain,weight_gain
2024-09-24,weight_gain,weight_gain
2024-09-25,weight_gain,weight_gain
2024-09-26,weight_gain,maintenance
2024-09-27,maintenance,maintenance
2024-09-28,maintenance,maintenance
2024-09-29,maintenance,maintenance
2024-09-30,maintenance,maintenance
2024-10-01,maintenance,maintenance
2024-10-02,maintenance,maintenance
2024-10-03,maintenance,maintenance
2024-10-04,maintenance,maintenance
2024-10-05,maintenance,maintenance
2024-10-06,maintenance,maintenance
2024-10-07,maintenance,maintenance
2024-10-08,maintenance,maintenance
2024-10-09,maintenance,fat_loss
2024-10-10,maintenance,fat_loss
2024-10-11,maintenance,maintenance
2024-10-12,maintenance,maintenance
2024-10-13,maintenance,maintenance
2024-10-14,maintenance,maintenance
2024-10-15,maintenance,maintenance
2024-10-16,maintenance,maintenance
2024-10-17,maintenance,maintenance
2024-10-18,maintenance,maintenance
2024-10-19,maintenance,maintenance
2024-10-20,maintenance,maintenance
2024-10-21,weight_gain,maintenance
2024-10-22,weight_gain,maintenance
2024-10-23,weight_gain,maintenance
2024-10-24,weight_gain,maintenance
2024-10-25,weight_gain,maintenance
2024-10-26,maintenance,maintenance
2024-10-27,maintenance,maintenance
2024-10-28,maintenance,maintenance
2024-10-29,maintenance,maintenance
2024-10-30,maintenance,maintenance
2024-10-31,maintenance,maintenance
2024-11-01,maintenance,maintenance
2024-11-02,maintenance,maintenance
2024-11-03,maintenance,maintenance
2024-11-04,maintenance,maintenance
2024-11-05,maintenance,maintenance
2024-11-06,maintenance,maintenance
2024-11-07,maintenance,maintenance
2024-11-08,maintenance,maintenance
2024-11-09,maintenance,maintenance
2024-11-10,maintenance,maintenance
2024-11-11,maintenance,maintenance
2024-11-12,maintenance,maintenance
2024-11-13,maintenance,maintenance
2024-11-14,maintenance,maintenance
2024-11-15,maintenance,maintenance
2024-11-16,maintenance,maintenance
2024-11-17,maintenance,maintenance
2024-11-18,maintenance,maintenance
2024-11-19,weight_gain,weight_gain
2024-11-20,weight_gain,weight_gain
2024-11-21,weight_gain,weight_gain
2024-11-22,weight_gain,maintenance
2024-11-23,weight_gain,maintenance
2024-11-24,maintenance,maintenance
2024-11-25,maintenance,maintenance
2024-11-26,maintenance,maintenance
2024-11-27,maintenance,maintenance
2024-11-28,maintenance,maintenance
2024-11-29,maintenance,maintenance
2024-11-30,maintenance,maintenance
2024-12-01,maintenance,maintenance
2024-12-02,fat_loss,maintenance
2024-12-03,fat_loss,maintenance
2024-12-04,fat_loss,maintenance
2024-12-05,fat_loss,maintenance
2024-12-06,maintenance,maintenance
2024-12-07,maintenance,maintenance
2024-12-08,maintenance,maintenance
2024-12-09,maintenance,maintenance
2024-12-10,maintenance,maintenance
2024-12-11,weight_gain,maintenance
2024-12-12,maintenance,maintenance
2024-12-13,maintenance,maintenance
2024-12-14,maintenance,maintenance
2024-12-15,maintenance,maintenance
2024-12-16,maintenance,maintenance
2024-12-17,maintenance,maintenance
2024-12-18,maintenance,maintenance
2024-12-19,maintenance,maintenance
2024-12-20,maintenance,maintenance
2024-12-21,maintenance,maintenance
2024-12-22,maintenance,maintenance
2024-12-23,maintenance,maintenance
2024-12-24,maintenance,maintenance
2024-12-25,maintenance,maintenance
2024-12-26,weight_gain,maintenance
2024-12-27,weight_gain,weight_gain
2024-12-28,weight_gain,maintenance
2024-12-29,maintenance,maintenance
2024-12-30,maintenance,maintenance
2024-12-31,weight_gain,weight_gain
2025-01-01,weight_gain,fat_loss
2025-01-02,maintenance,fat_loss
2025-01-03,maintenance,maintenance
2025-01-04,maintenance,maintenance
2025-01-05,weight_gain,maintenance
2025-01-06,maintenance,maintenance
2025-01-07,maintenance,maintenance
2025-01-08,maintenance,maintenance
2025-01-09,maintenance,maintenance
2025-01-10,maintenance,maintenance
2025-01-11,fat_loss,maintenance
2025-01-12,fat_loss,maintenance
2025-01-13,fat_loss,maintenance
2025-01-14,fat_loss,fat_loss
2025-01-15,maintenance,fat_loss
2025-01-16,maintenance,fat_loss
2025-01-17,maintenance,fat_loss
2025-01-18,weight_gain,maintenance
2025-01-19,weight_gain,maintenance
2025-01-20,weight_gain,maintenance
2025-01-21,maintenance,maintenance
2025-01-22,maintenance,maintenance
2025-01-23,maintenance,maintenance
2025-01-24,maintenance,maintenance
2025-01-25,maintenance,maintenance
2025-01-26,maintenance,maintenance
2025-01-27,maintenance,maintenance
2025-01-28,maintenance,maintenance
2025-01-29,maintenance,maintenance
2025-01-30,maintenance,maintenance
2025-01-31,weight_gain,maintenance
2025-02-01,weight_gain,maintenance
2025-02-02,weight_gain,maintenance
2025-02-03,weight_gain,maintenance
2025-02-04,maintenance,maintenance
2025-02-05,maintenance,maintenance
2025-02-06,maintenance,maintenance
2025-02-07,maintenance,maintenance
2025-02-08,maintenance,maintenance
2025-02-09,maintenance,maintenance
2025-02-10,maintenance,maintenance
2025-02-11,weight_gain,fat_loss
2025-02-12,weight_gain,maintenance
2025-02-13,maintenance,maintenance
2025-02-14,maintenance,maintenance
2025-02-15,maintenance,maintenance
2025-02-16,maintenance,maintenance
2025-02-17,maintenance,maintenance
2025-02-18,maintenance,maintenance
2025-02-19,maintenance,maintenance
2025-02-20,maintenance,maintenance
2025-02-21,maintenance,fat_loss
2025-02-22,fat_loss,fat_loss
2025-02-23,maintenance,fat_loss
2025-02-24,maintenance,fat_loss
2025-02-25,maintenance,fat_loss
2025-02-26,fat_loss,fat_loss
2025-02-27,maintenance,fat_loss
2025-02-28,maintenance,fat_loss
2025-03-01,weight_gain,fat_loss
2025-03-02,weight_gain,fat_loss
2025-03-03,weight_gain,fat_loss
2025-03-04,weight_gain,fat_loss
2025-03-05,weight_gain,fat_loss
2025-03-06,weight_gain,fat_loss
2025-03-07,maintenance,fat_loss
2025-03-08,maintenance,fat_loss
2025-03-09,maintenance,fat_loss
2025-03-10,maintenance,fat_loss
2025-03-11,maintenance,fat_loss
2025-03-12,maintenance,fat_loss
2025-03-13,maintenance,fat_loss
2025-03-14,maintenance,fat_loss
2025-03-15,maintenance,fat_loss
2025-03-16,maintenance,fat_loss
2025-03-17,maintenance,fat_loss
2025-03-18,maintenance,fat_loss
2025-03-19,weight_gain,fat_loss
2025-03-20,weight_gain,fat_loss
2025-03-21,weight_gain,fat_loss
2025-03-22,maintenance,fat_loss
2025-03-23,maintenance,fat_loss
2025-03-24,maintenance,fat_loss
2025-03-25,maintenance,fat_loss
2025-03-26,maintenance,fat_loss
2025-03-27,maintenance,fat_loss
2025-03-28,maintenance,fat_loss
2025-03-29,maintenance,fat_loss
2025-03-30,maintenance,fat_loss
2025-03-31,maintenance,fat_loss
2025-04-01,maintenance,fat_loss
2025-04-02,maintenance,fat_loss
2025-04-03,maintenance,fat_loss
2025-04-04,maintenance,fat_loss
2025-04-05,weight_gain,fat_loss
2025-04-06,maintenance,fat_loss
2025-04-07,maintenance,fat_loss
2025-04-08,maintenance,fat_loss
2025-04-09,maintenance,fat_loss
2025-04-10,maintenance,fat_loss
2025-04-11,maintenance,fat_loss
2025-04-12,maintenance,fat_loss
2025-04-13,maintenance,fat_loss
2025-04-14,maintenance,fat_loss
2025-04-15,maintenance,fat_loss
2025-04-16,maintenance,fat_loss
2025-04-17,maintenance,fat_loss
2025-04-18,maintenance,fat_loss
2025-04-19,fat_loss,fat_loss
2025-04-20,maintenance,fat_loss
2025-04-21,maintenance,maintenance
2025-04-22,maintenance,maintenance
2025-04-23,maintenance,maintenance
2025-04-24,maintenance,fat_loss
2025-04-25,maintenance,fat_loss
2025-04-26,maintenance,fat_loss
2025-04-27,maintenance,fat_loss
2025-04-28,maintenance,fat_loss
2025-04-29,maintenance,fat_loss
2025-04-30,maintenance,fat_loss
2025-05-01,maintenance,fat_loss
2025-05-02,maintenance,fat_loss
2025-05-03,maintenance,fat_loss
2025-05-04,maintenance,fat_loss
2025-05-05,maintenance,maintenance
2025-05-06,maintenance,maintenance
2025-05-07,maintenance,maintenance
2025-05-08,maintenance,maintenance
2025-05-09,maintenance,maintenance
2025-05-10,maintenance,maintenance
2025-05-11,maintenance,maintenance
2025-05-12,maintenance,maintenance
2025-05-13,weight_gain,maintenance
2025-05-14,maintenance,maintenance
2025-05-15,maintenance,maintenance
2025-05-16,maintenance,maintenance
2025-05-17,maintenance,maintenance
2025-05-18,maintenance,maintenance
2025-05-19,maintenance,maintenance
2025-05-20,fat_loss,maintenance
2025-05-21,maintenance,maintenance
2025-05-22,maintenance,maintenance
2025-05-23,maintenance,maintenance
2025-05-24,maintenance,maintenance
2025-05-25,maintenance,maintenance
2025-05-26,maintenance,fat_loss
2025-05-27,maintenance,fat_loss
2025-05-28,maintenance,fat_loss
2025-05-29,maintenance,fat_loss
2025-05-30,maintenance,fat_loss
2025-05-31,maintenance,fat_loss
2025-06-01,maintenance,fat_loss
2025-06-02,maintenance,maintenance
2025-06-03,maintenance,maintenance
2025-06-04,maintenance,fat_loss
2025-06-05,maintenance,fat_loss
2025-06-06,maintenance,fat_loss
2025-06-07,maintenance,fat_loss
2025-06-08,maintenance,fat_loss
2025-06-09,maintenance,fat_loss
2025-06-10,maintenance,fat_loss
2025-06-11,maintenance,fat_loss
2025-06-12,maintenance,fat_loss
2025-06-13,maintenance,fat_loss
2025-06-14,maintenance,fat_loss
2025-06-15,maintenance,fat_loss
2025-06-16,maintenance,fat_loss
2025-06-17,maintenance,fat_loss
2025-06-18,maintenance,fat_loss
2025-06-19,maintenance,fat_loss
2025-06-20,maintenance,fat_loss
2025-06-21,maintenance,maintenance
2025-06-22,maintenance,fat_loss
2025-06-23,maintenance,maintenance
2025-06-24,maintenance,maintenance
2025-06-25,maintenance,maintenance
2025-06-26,maintenance,fat_loss
2025-06-27,maintenance,fat_loss
2025-06-28,maintenance,fat_loss
2025-06-29,maintenance,fat_loss
2025-06-30,maintenance,fat_loss
2025-07-01,maintenance,fat_loss
2025-07-02,maintenance,fat_loss
2025-07-03,maintenance,fat_loss
2025-07-04,maintenance,fat_loss
2025-07-05,maintenance,maintenance
2025-07-06,maintenance,maintenance
2025-07-07,maintenance,maintenance
2025-07-08,maintenance,maintenance
2025-07-09,maintenance,maintenance
2025-07-10,maintenance,maintenance
2025-07-11,maintenance,maintenance
2025-07-12,maintenance,maintenance
2025-07-13,maintenance,maintenance
2025-07-14,maintenance,maintenance
2025-07-15,maintenance,maintenance
2025-07-16,maintenance,maintenance
2025-07-17,maintenance,maintenance
2025-07-18,maintenance,fat_loss
2025-07-19,maintenance,fat_loss
2025-07-20,maintenance,fat_loss
2025-07-21,maintenance,maintenance
2025-07-22,fat_loss,maintenance
2025-07-23,maintenance,maintenance
2025-07-24,maintenance,maintenance
2025-07-25,maintenance,maintenance
2025-07-26,maintenance,maintenance
2025-07-27,maintenance,fat_loss
2025-07-28,maintenance,fat_loss
2025-07-29,maintenance,fat_loss
2025-07-30,maintenance,fat_loss
2025-07-31,maintenance,fat_loss
2025-08-01,weight_gain,fat_loss
2025-08-02,weight_gain,fat_loss
2025-08-03,maintenance,fat_loss
2025-08-04,maintenance,fat_loss
2025-08-05,maintenance,fat_loss
2025-08-06,maintenance,fat_loss
2025-08-07,maintenance,fat_loss
2025-08-08,fat_loss,fat_loss
2025-08-09,fat_loss,fat_loss
2025-08-10,maintenance,maintenance
2025-08-11,maintenance,fat_loss
2025-08-12,maintenance,maintenance
2025-08-13,maintenance,maintenance
2025-08-14,maintenance,maintenance
2025-08-15,maintenance,maintenance
2025-08-16,maintenance,fat_loss
2025-08-17,maintenance,fat_loss
2025-08-18,maintenance,fat_loss
2025-08-19,maintenance,maintenance
2025-08-20,maintenance,maintenance
2025-08-21,maintenance,maintenance
2025-08-22,weight_gain,maintenance
2025-08-23,maintenance,fat_loss
2025-08-24,maintenance,fat_loss
2025-08-25,maintenance,fat_loss
2025-08-26,maintenance,fat_loss
2025-08-27,maintenance,fat_loss
2025-08-28,maintenance,fat_loss
2025-08-29,maintenance,fat_loss
2025-08-30,maintenance,fat_loss
2025-08-31,maintenance,fat_loss
2025-09-01,maintenance,fat_loss
2025-09-02,maintenance,fat_loss
2025-09-03,fat_loss,fat_loss
2025-09-04,maintenance,fat_loss
2025-09-05,maintenance,fat_loss
2025-09-06,maintenance,fat_loss
2025-09-07,maintenance,fat_loss
2025-09-08,maintenance,fat_loss
2025-09-09,maintenance,maintenance
2025-09-10,maintenance,maintenance
2025-09-11,maintenance,maintenance
2025-09-12,maintenance,maintenance
2025-09-13,maintenance,maintenance
2025-09-14,maintenance,maintenance
2025-09-15,maintenance,maintenance
2025-09-16,maintenance,fat_loss
2025-09-17,weight_gain,fat_loss
2025-09-18,maintenance,fat_loss
2025-09-19,maintenance,fat_loss
2025-09-20,maintenance,fat_loss
2025-09-21,maintenance,fat_loss
2025-09-22,maintenance,fat_loss
2025-09-23,maintenance,fat_loss
2025-09-24,maintenance,fat_loss
2025-09-25,maintenance,fat_loss
2025-09-26,maintenance,maintenance
2025-09-27,maintenance,fat_loss
2025-09-28,maintenance,fat_loss
2025-09-29,maintenance,maintenance
2025-09-30,maintenance,maintenance
2025-10-01,maintenance,maintenance
2025-10-02,weight_gain,maintenance
2025-10-03,maintenance,maintenance
2025-10-04,weight_gain,maintenance
2025-10-05,weight_gain,maintenance
2025-10-06,weight_gain,maintenance
2025-10-07,weight_gain,maintenance
2025-10-08,maintenance,maintenance
2025-10-09,maintenance,maintenance
2025-10-10,maintenance,maintenance
2025-10-11,maintenance,maintenance
2025-10-12,maintenance,maintenance
2025-10-13,maintenance,maintenance
2025-10-14,fat_loss,maintenance
2025-10-15,maintenance,maintenance
2025-10-16,maintenance,maintenance
2025-10-17,maintenance,maintenance
2025-10-18,maintenance,maintenance
2025-10-19,maintenance,maintenance
2025-10-20,maintenance,maintenance
2025-10-21,maintenance,maintenance
2025-10-22,maintenance,maintenance
2025-10-23,maintenance,maintenance
2025-10-24,maintenance,maintenance
2025-10-25,maintenance,maintenance
2025-10-26,maintenance,maintenance
2025-10-27,maintenance,maintenance
2025-10-28,maintenance,maintenance
2025-10-29,maintenance,maintenance
2025-10-30,maintenance,maintenance
2025-10-31,maintenance,maintenance
2025-11-01,maintenance,maintenance
2025-11-02,maintenance,maintenance
2025-11-03,maintenance,maintenance
2025-11-04,maintenance,maintenance
2025-11-05,maintenance,maintenance
2025-11-06,maintenance,maintenance
2025-11-07,maintenance,maintenance
2025-11-08,maintenance,maintenance
2025-11-09,maintenance,maintenance
2025-11-10,maintenance,maintenance
2025-11-11,maintenance,maintenance
2025-11-12,fat_loss,maintenance
2025-11-13,fat_loss,maintenance
2025-11-14,fat_loss,maintenance
2025-11-15,maintenance,maintenance
2025-11-16,maintenance,fat_loss
2025-11-17,maintenance,fat_loss
2025-11-18,maintenance,maintenance
2025-11-19,weight_gain,maintenance
2025-11-20,weight_gain,maintenance
2025-11-21,weight_gain,maintenance
2025-11-22,weight_gain,maintenance
2025-11-23,maintenance,maintenance
2025-11-24,maintenance,maintenance
2025-11-25,maintenance,maintenance
2025-11-26,fat_loss,maintenance
2025-11-27,fat_loss,maintenance
2025-11-28,fat_loss,maintenance
2025-11-29,fat_loss,maintenance
2025-11-30,maintenance,maintenance
2025-12-01,maintenance,maintenance
2025-12-02,maintenance,maintenance
2025-12-03,maintenance,maintenance
2025-12-04,maintenance,weight_gain
2025-12-05,maintenance,weight_gain
2025-12-06,maintenance,weight_gain
2025-12-07,maintenance,weight_gain
2025-12-08,maintenance,weight_gain
2025-12-09,maintenance,weight_gain
2025-12-10,weight_gain,weight_gain
2025-12-11,maintenance,maintenance
2025-12-12,maintenance,maintenance
2025-12-13,maintenance,maintenance
2025-12-14,maintenance,maintenance
2025-12-15,maintenance,maintenance
2025-12-16,maintenance,maintenance
2025-12-17,fat_loss,maintenance
2025-12-18,fat_loss,maintenance
2025-12-19,maintenance,maintenance
2025-12-20,maintenance,maintenance
2025-12-21,maintenance,maintenance
2025-12-22,maintenance,maintenance
2025-12-23,maintenance,maintenance
2025-12-24,maintenance,maintenance
2025-12-25,maintenance,maintenance
2025-12-26,maintenance,maintenance
2025-12-27,maintenance,maintenance
2025-12-28,maintenance,maintenance
2025-12-29,maintenance,weight_gain
2025-12-30,maintenance,weight_gain
2025-12-31,fat_loss,weight_gain
2026-01-01,fat_loss,weight_gain
2026-01-02,maintenance,weight_gain
2026-01-03,maintenance,weight_gain
